solid 
 facet normal  9.957342e-01  9.226836e-02  0.000000e+00
   outer loop
     vertex  1.046866e+00  1.956932e-01  0.000000e+00
     vertex  1.065000e+00 -2.608498e-16  0.000000e+00
     vertex  1.065000e+00 -2.608498e-16 -2.000000e-02
   endloop
 endfacet
 facet normal  9.957342e-01  9.226836e-02  0.000000e+00
   outer loop
     vertex  1.046866e+00  1.956932e-01  0.000000e+00
     vertex  1.065000e+00 -2.608498e-16 -2.000000e-02
     vertex  1.046866e+00  1.956932e-01 -2.000000e-02
   endloop
 endfacet
 facet normal  9.618256e-01  2.736630e-01  0.000000e+00
   outer loop
     vertex  9.930829e-01  3.847224e-01  0.000000e+00
     vertex  1.046866e+00  1.956932e-01 -2.000000e-02
     vertex  9.930829e-01  3.847224e-01 -2.000000e-02
   endloop
 endfacet
 facet normal  9.618256e-01  2.736630e-01  0.000000e+00
   outer loop
     vertex  9.930829e-01  3.847224e-01  0.000000e+00
     vertex  1.046866e+00  1.956932e-01  0.000000e+00
     vertex  1.046866e+00  1.956932e-01 -2.000000e-02
   endloop
 endfacet
 facet normal  8.951633e-01  4.457384e-01  0.000000e+00
   outer loop
     vertex  9.054812e-01  5.606503e-01  0.000000e+00
     vertex  9.930829e-01  3.847224e-01 -2.000000e-02
     vertex  9.054812e-01  5.606503e-01 -2.000000e-02
   endloop
 endfacet
 facet normal  8.951633e-01  4.457384e-01  0.000000e+00
   outer loop
     vertex  9.054812e-01  5.606503e-01  0.000000e+00
     vertex  9.930829e-01  3.847224e-01  0.000000e+00
     vertex  9.930829e-01  3.847224e-01 -2.000000e-02
   endloop
 endfacet
 facet normal  7.980172e-01  6.026346e-01  0.000000e+00
   outer loop
     vertex  7.870445e-01  7.174859e-01  0.000000e+00
     vertex  9.054812e-01  5.606503e-01 -2.000000e-02
     vertex  7.870445e-01  7.174859e-01 -2.000000e-02
   endloop
 endfacet
 facet normal  7.980172e-01  6.026346e-01  0.000000e+00
   outer loop
     vertex  7.870445e-01  7.174859e-01  0.000000e+00
     vertex  9.054812e-01  5.606503e-01  0.000000e+00
     vertex  9.054812e-01  5.606503e-01 -2.000000e-02
   endloop
 endfacet
 facet normal  6.736956e-01  7.390089e-01  0.000000e+00
   outer loop
     vertex  6.418059e-01  8.498883e-01  0.000000e+00
     vertex  7.870445e-01  7.174859e-01 -2.000000e-02
     vertex  6.418059e-01  8.498883e-01 -2.000000e-02
   endloop
 endfacet
 facet normal  6.736956e-01  7.390089e-01  0.000000e+00
   outer loop
     vertex  6.418059e-01  8.498883e-01  0.000000e+00
     vertex  7.870445e-01  7.174859e-01  0.000000e+00
     vertex  7.870445e-01  7.174859e-01 -2.000000e-02
   endloop
 endfacet
 facet normal  5.264322e-01  8.502171e-01  0.000000e+00
   outer loop
     vertex  4.747113e-01  9.533489e-01  0.000000e+00
     vertex  6.418059e-01  8.498883e-01 -2.000000e-02
     vertex  4.747113e-01  9.533489e-01 -2.000000e-02
   endloop
 endfacet
 facet normal  5.264322e-01  8.502171e-01  0.000000e+00
   outer loop
     vertex  4.747113e-01  9.533489e-01  0.000000e+00
     vertex  6.418059e-01  8.498883e-01  0.000000e+00
     vertex  6.418059e-01  8.498883e-01 -2.000000e-02
   endloop
 endfacet
 facet normal  3.612417e-01  9.324722e-01  0.000000e+00
   outer loop
     vertex  2.914511e-01  1.024344e+00  0.000000e+00
     vertex  4.747113e-01  9.533489e-01  0.000000e+00
     vertex  4.747113e-01  9.533489e-01 -2.000000e-02
   endloop
 endfacet
 facet normal  3.612417e-01  9.324722e-01  0.000000e+00
   outer loop
     vertex  2.914511e-01  1.024344e+00  0.000000e+00
     vertex  4.747113e-01  9.533489e-01 -2.000000e-02
     vertex  2.914511e-01  1.024344e+00 -2.000000e-02
   endloop
 endfacet
 facet normal  1.837495e-01  9.829731e-01  0.000000e+00
   outer loop
     vertex  9.826580e-02  1.060457e+00  0.000000e+00
     vertex  2.914511e-01  1.024344e+00  0.000000e+00
     vertex  2.914511e-01  1.024344e+00 -2.000000e-02
   endloop
 endfacet
 facet normal  1.837495e-01  9.829731e-01  0.000000e+00
   outer loop
     vertex  9.826580e-02  1.060457e+00  0.000000e+00
     vertex  2.914511e-01  1.024344e+00 -2.000000e-02
     vertex  9.826580e-02  1.060457e+00 -2.000000e-02
   endloop
 endfacet
 facet normal -0.000000e+00  1.000000e+00  0.000000e+00
   outer loop
     vertex -9.826580e-02  1.060457e+00  0.000000e+00
     vertex  9.826580e-02  1.060457e+00  0.000000e+00
     vertex  9.826580e-02  1.060457e+00 -2.000000e-02
   endloop
 endfacet
 facet normal  0.000000e+00  1.000000e+00  0.000000e+00
   outer loop
     vertex -9.826580e-02  1.060457e+00  0.000000e+00
     vertex  9.826580e-02  1.060457e+00 -2.000000e-02
     vertex -9.826580e-02  1.060457e+00 -2.000000e-02
   endloop
 endfacet
 facet normal -1.837495e-01  9.829731e-01  0.000000e+00
   outer loop
     vertex -2.914511e-01  1.024344e+00  0.000000e+00
     vertex -9.826580e-02  1.060457e+00  0.000000e+00
     vertex -9.826580e-02  1.060457e+00 -2.000000e-02
   endloop
 endfacet
 facet normal -1.837495e-01  9.829731e-01  0.000000e+00
   outer loop
     vertex -2.914511e-01  1.024344e+00  0.000000e+00
     vertex -9.826580e-02  1.060457e+00 -2.000000e-02
     vertex -2.914511e-01  1.024344e+00 -2.000000e-02
   endloop
 endfacet
 facet normal -3.612417e-01  9.324722e-01  0.000000e+00
   outer loop
     vertex -4.747113e-01  9.533489e-01  0.000000e+00
     vertex -2.914511e-01  1.024344e+00  0.000000e+00
     vertex -2.914511e-01  1.024344e+00 -2.000000e-02
   endloop
 endfacet
 facet normal -3.612417e-01  9.324722e-01  0.000000e+00
   outer loop
     vertex -4.747113e-01  9.533489e-01  0.000000e+00
     vertex -2.914511e-01  1.024344e+00 -2.000000e-02
     vertex -4.747113e-01  9.533489e-01 -2.000000e-02
   endloop
 endfacet
 facet normal -5.264322e-01  8.502171e-01  0.000000e+00
   outer loop
     vertex -6.418059e-01  8.498883e-01  0.000000e+00
     vertex -4.747113e-01  9.533489e-01  0.000000e+00
     vertex -4.747113e-01  9.533489e-01 -2.000000e-02
   endloop
 endfacet
 facet normal -5.264322e-01  8.502171e-01  0.000000e+00
   outer loop
     vertex -6.418059e-01  8.498883e-01  0.000000e+00
     vertex -4.747113e-01  9.533489e-01 -2.000000e-02
     vertex -6.418059e-01  8.498883e-01 -2.000000e-02
   endloop
 endfacet
 facet normal -6.736956e-01  7.390089e-01  0.000000e+00
   outer loop
     vertex -7.870445e-01  7.174859e-01  0.000000e+00
     vertex -6.418059e-01  8.498883e-01  0.000000e+00
     vertex -6.418059e-01  8.498883e-01 -2.000000e-02
   endloop
 endfacet
 facet normal -6.736956e-01  7.390089e-01  0.000000e+00
   outer loop
     vertex -7.870445e-01  7.174859e-01  0.000000e+00
     vertex -6.418059e-01  8.498883e-01 -2.000000e-02
     vertex -7.870445e-01  7.174859e-01 -2.000000e-02
   endloop
 endfacet
 facet normal -7.980172e-01  6.026346e-01  0.000000e+00
   outer loop
     vertex -9.054812e-01  5.606503e-01  0.000000e+00
     vertex -7.870445e-01  7.174859e-01  0.000000e+00
     vertex -7.870445e-01  7.174859e-01 -2.000000e-02
   endloop
 endfacet
 facet normal -7.980172e-01  6.026346e-01  0.000000e+00
   outer loop
     vertex -9.054812e-01  5.606503e-01  0.000000e+00
     vertex -7.870445e-01  7.174859e-01 -2.000000e-02
     vertex -9.054812e-01  5.606503e-01 -2.000000e-02
   endloop
 endfacet
 facet normal -8.951633e-01  4.457384e-01  0.000000e+00
   outer loop
     vertex -9.930829e-01  3.847224e-01  0.000000e+00
     vertex -9.054812e-01  5.606503e-01  0.000000e+00
     vertex -9.054812e-01  5.606503e-01 -2.000000e-02
   endloop
 endfacet
 facet normal -8.951633e-01  4.457384e-01  0.000000e+00
   outer loop
     vertex -9.930829e-01  3.847224e-01  0.000000e+00
     vertex -9.054812e-01  5.606503e-01 -2.000000e-02
     vertex -9.930829e-01  3.847224e-01 -2.000000e-02
   endloop
 endfacet
 facet normal -9.618256e-01  2.736630e-01  0.000000e+00
   outer loop
     vertex -1.046866e+00  1.956932e-01  0.000000e+00
     vertex -9.930829e-01  3.847224e-01  0.000000e+00
     vertex -9.930829e-01  3.847224e-01 -2.000000e-02
   endloop
 endfacet
 facet normal -9.618256e-01  2.736630e-01  0.000000e+00
   outer loop
     vertex -1.046866e+00  1.956932e-01  0.000000e+00
     vertex -9.930829e-01  3.847224e-01 -2.000000e-02
     vertex -1.046866e+00  1.956932e-01 -2.000000e-02
   endloop
 endfacet
 facet normal -9.957342e-01  9.226836e-02  0.000000e+00
   outer loop
     vertex -1.065000e+00  1.076335e-15  0.000000e+00
     vertex -1.046866e+00  1.956932e-01  0.000000e+00
     vertex -1.046866e+00  1.956932e-01 -2.000000e-02
   endloop
 endfacet
 facet normal -9.957342e-01  9.226836e-02  0.000000e+00
   outer loop
     vertex -1.065000e+00  1.076335e-15  0.000000e+00
     vertex -1.046866e+00  1.956932e-01 -2.000000e-02
     vertex -1.065000e+00  1.076335e-15 -2.000000e-02
   endloop
 endfacet
 facet normal -9.957342e-01 -9.226836e-02  0.000000e+00
   outer loop
     vertex -1.046866e+00 -1.956932e-01  0.000000e+00
     vertex -1.065000e+00  1.076335e-15  0.000000e+00
     vertex -1.065000e+00  1.076335e-15 -2.000000e-02
   endloop
 endfacet
 facet normal -9.957342e-01 -9.226836e-02 -0.000000e+00
   outer loop
     vertex -1.046866e+00 -1.956932e-01  0.000000e+00
     vertex -1.065000e+00  1.076335e-15 -2.000000e-02
     vertex -1.046866e+00 -1.956932e-01 -2.000000e-02
   endloop
 endfacet
 facet normal -9.618256e-01 -2.736630e-01  0.000000e+00
   outer loop
     vertex -9.930829e-01 -3.847224e-01  0.000000e+00
     vertex -1.046866e+00 -1.956932e-01  0.000000e+00
     vertex -1.046866e+00 -1.956932e-01 -2.000000e-02
   endloop
 endfacet
 facet normal -9.618256e-01 -2.736630e-01 -0.000000e+00
   outer loop
     vertex -9.930829e-01 -3.847224e-01  0.000000e+00
     vertex -1.046866e+00 -1.956932e-01 -2.000000e-02
     vertex -9.930829e-01 -3.847224e-01 -2.000000e-02
   endloop
 endfacet
 facet normal -8.951633e-01 -4.457384e-01 -0.000000e+00
   outer loop
     vertex -9.054812e-01 -5.606503e-01  0.000000e+00
     vertex -9.930829e-01 -3.847224e-01 -2.000000e-02
     vertex -9.054812e-01 -5.606503e-01 -2.000000e-02
   endloop
 endfacet
 facet normal -8.951633e-01 -4.457384e-01  0.000000e+00
   outer loop
     vertex -9.054812e-01 -5.606503e-01  0.000000e+00
     vertex -9.930829e-01 -3.847224e-01  0.000000e+00
     vertex -9.930829e-01 -3.847224e-01 -2.000000e-02
   endloop
 endfacet
 facet normal -7.980172e-01 -6.026346e-01  0.000000e+00
   outer loop
     vertex -7.870445e-01 -7.174859e-01  0.000000e+00
     vertex -9.054812e-01 -5.606503e-01  0.000000e+00
     vertex -9.054812e-01 -5.606503e-01 -2.000000e-02
   endloop
 endfacet
 facet normal -7.980172e-01 -6.026346e-01 -0.000000e+00
   outer loop
     vertex -7.870445e-01 -7.174859e-01  0.000000e+00
     vertex -9.054812e-01 -5.606503e-01 -2.000000e-02
     vertex -7.870445e-01 -7.174859e-01 -2.000000e-02
   endloop
 endfacet
 facet normal -6.736956e-01 -7.390089e-01 -0.000000e+00
   outer loop
     vertex -6.418059e-01 -8.498883e-01  0.000000e+00
     vertex -7.870445e-01 -7.174859e-01 -2.000000e-02
     vertex -6.418059e-01 -8.498883e-01 -2.000000e-02
   endloop
 endfacet
 facet normal -6.736956e-01 -7.390089e-01  0.000000e+00
   outer loop
     vertex -6.418059e-01 -8.498883e-01  0.000000e+00
     vertex -7.870445e-01 -7.174859e-01  0.000000e+00
     vertex -7.870445e-01 -7.174859e-01 -2.000000e-02
   endloop
 endfacet
 facet normal -5.264322e-01 -8.502171e-01 -0.000000e+00
   outer loop
     vertex -4.747113e-01 -9.533489e-01  0.000000e+00
     vertex -6.418059e-01 -8.498883e-01 -2.000000e-02
     vertex -4.747113e-01 -9.533489e-01 -2.000000e-02
   endloop
 endfacet
 facet normal -5.264322e-01 -8.502171e-01  0.000000e+00
   outer loop
     vertex -4.747113e-01 -9.533489e-01  0.000000e+00
     vertex -6.418059e-01 -8.498883e-01  0.000000e+00
     vertex -6.418059e-01 -8.498883e-01 -2.000000e-02
   endloop
 endfacet
 facet normal -3.612417e-01 -9.324722e-01 -0.000000e+00
   outer loop
     vertex -2.914511e-01 -1.024344e+00  0.000000e+00
     vertex -4.747113e-01 -9.533489e-01 -2.000000e-02
     vertex -2.914511e-01 -1.024344e+00 -2.000000e-02
   endloop
 endfacet
 facet normal -3.612417e-01 -9.324722e-01  0.000000e+00
   outer loop
     vertex -2.914511e-01 -1.024344e+00  0.000000e+00
     vertex -4.747113e-01 -9.533489e-01  0.000000e+00
     vertex -4.747113e-01 -9.533489e-01 -2.000000e-02
   endloop
 endfacet
 facet normal -1.837495e-01 -9.829731e-01 -0.000000e+00
   outer loop
     vertex -9.826580e-02 -1.060457e+00  0.000000e+00
     vertex -2.914511e-01 -1.024344e+00 -2.000000e-02
     vertex -9.826580e-02 -1.060457e+00 -2.000000e-02
   endloop
 endfacet
 facet normal -1.837495e-01 -9.829731e-01  0.000000e+00
   outer loop
     vertex -9.826580e-02 -1.060457e+00  0.000000e+00
     vertex -2.914511e-01 -1.024344e+00  0.000000e+00
     vertex -2.914511e-01 -1.024344e+00 -2.000000e-02
   endloop
 endfacet
 facet normal  0.000000e+00 -1.000000e+00 -0.000000e+00
   outer loop
     vertex  9.826580e-02 -1.060457e+00  0.000000e+00
     vertex -9.826580e-02 -1.060457e+00 -2.000000e-02
     vertex  9.826580e-02 -1.060457e+00 -2.000000e-02
   endloop
 endfacet
 facet normal -0.000000e+00 -1.000000e+00  0.000000e+00
   outer loop
     vertex  9.826580e-02 -1.060457e+00  0.000000e+00
     vertex -9.826580e-02 -1.060457e+00  0.000000e+00
     vertex -9.826580e-02 -1.060457e+00 -2.000000e-02
   endloop
 endfacet
 facet normal  1.837495e-01 -9.829731e-01  0.000000e+00
   outer loop
     vertex  2.914511e-01 -1.024344e+00  0.000000e+00
     vertex  9.826580e-02 -1.060457e+00 -2.000000e-02
     vertex  2.914511e-01 -1.024344e+00 -2.000000e-02
   endloop
 endfacet
 facet normal  1.837495e-01 -9.829731e-01  0.000000e+00
   outer loop
     vertex  2.914511e-01 -1.024344e+00  0.000000e+00
     vertex  9.826580e-02 -1.060457e+00  0.000000e+00
     vertex  9.826580e-02 -1.060457e+00 -2.000000e-02
   endloop
 endfacet
 facet normal  3.612417e-01 -9.324722e-01  0.000000e+00
   outer loop
     vertex  4.747113e-01 -9.533489e-01  0.000000e+00
     vertex  2.914511e-01 -1.024344e+00 -2.000000e-02
     vertex  4.747113e-01 -9.533489e-01 -2.000000e-02
   endloop
 endfacet
 facet normal  3.612417e-01 -9.324722e-01  0.000000e+00
   outer loop
     vertex  4.747113e-01 -9.533489e-01  0.000000e+00
     vertex  2.914511e-01 -1.024344e+00  0.000000e+00
     vertex  2.914511e-01 -1.024344e+00 -2.000000e-02
   endloop
 endfacet
 facet normal  5.264322e-01 -8.502171e-01  0.000000e+00
   outer loop
     vertex  6.418059e-01 -8.498883e-01  0.000000e+00
     vertex  4.747113e-01 -9.533489e-01 -2.000000e-02
     vertex  6.418059e-01 -8.498883e-01 -2.000000e-02
   endloop
 endfacet
 facet normal  5.264322e-01 -8.502171e-01  0.000000e+00
   outer loop
     vertex  6.418059e-01 -8.498883e-01  0.000000e+00
     vertex  4.747113e-01 -9.533489e-01  0.000000e+00
     vertex  4.747113e-01 -9.533489e-01 -2.000000e-02
   endloop
 endfacet
 facet normal  6.736956e-01 -7.390089e-01  0.000000e+00
   outer loop
     vertex  7.870445e-01 -7.174859e-01  0.000000e+00
     vertex  6.418059e-01 -8.498883e-01 -2.000000e-02
     vertex  7.870445e-01 -7.174859e-01 -2.000000e-02
   endloop
 endfacet
 facet normal  6.736956e-01 -7.390089e-01  0.000000e+00
   outer loop
     vertex  7.870445e-01 -7.174859e-01  0.000000e+00
     vertex  6.418059e-01 -8.498883e-01  0.000000e+00
     vertex  6.418059e-01 -8.498883e-01 -2.000000e-02
   endloop
 endfacet
 facet normal  7.980172e-01 -6.026346e-01  0.000000e+00
   outer loop
     vertex  9.054812e-01 -5.606503e-01  0.000000e+00
     vertex  7.870445e-01 -7.174859e-01 -2.000000e-02
     vertex  9.054812e-01 -5.606503e-01 -2.000000e-02
   endloop
 endfacet
 facet normal  7.980172e-01 -6.026346e-01  0.000000e+00
   outer loop
     vertex  9.054812e-01 -5.606503e-01  0.000000e+00
     vertex  7.870445e-01 -7.174859e-01  0.000000e+00
     vertex  7.870445e-01 -7.174859e-01 -2.000000e-02
   endloop
 endfacet
 facet normal  8.951633e-01 -4.457384e-01  0.000000e+00
   outer loop
     vertex  9.930829e-01 -3.847224e-01  0.000000e+00
     vertex  9.054812e-01 -5.606503e-01 -2.000000e-02
     vertex  9.930829e-01 -3.847224e-01 -2.000000e-02
   endloop
 endfacet
 facet normal  8.951633e-01 -4.457384e-01  0.000000e+00
   outer loop
     vertex  9.930829e-01 -3.847224e-01  0.000000e+00
     vertex  9.054812e-01 -5.606503e-01  0.000000e+00
     vertex  9.054812e-01 -5.606503e-01 -2.000000e-02
   endloop
 endfacet
 facet normal  9.618256e-01 -2.736630e-01  0.000000e+00
   outer loop
     vertex  1.046866e+00 -1.956932e-01  0.000000e+00
     vertex  9.930829e-01 -3.847224e-01  0.000000e+00
     vertex  9.930829e-01 -3.847224e-01 -2.000000e-02
   endloop
 endfacet
 facet normal  9.618256e-01 -2.736630e-01  0.000000e+00
   outer loop
     vertex  1.046866e+00 -1.956932e-01  0.000000e+00
     vertex  9.930829e-01 -3.847224e-01 -2.000000e-02
     vertex  1.046866e+00 -1.956932e-01 -2.000000e-02
   endloop
 endfacet
 facet normal  9.957342e-01 -9.226836e-02  0.000000e+00
   outer loop
     vertex  1.065000e+00 -2.608498e-16  0.000000e+00
     vertex  1.046866e+00 -1.956932e-01  0.000000e+00
     vertex  1.046866e+00 -1.956932e-01 -2.000000e-02
   endloop
 endfacet
 facet normal  9.957342e-01 -9.226836e-02  0.000000e+00
   outer loop
     vertex  1.065000e+00 -2.608498e-16  0.000000e+00
     vertex  1.046866e+00 -1.956932e-01 -2.000000e-02
     vertex  1.065000e+00 -2.608498e-16 -2.000000e-02
   endloop
 endfacet
 facet normal  0.000000e+00  0.000000e+00  1.000000e+00
   outer loop
     vertex -9.826580e-02 -1.060457e+00  0.000000e+00
     vertex -4.747113e-01 -9.533489e-01  0.000000e+00
     vertex -2.914511e-01 -1.024344e+00  0.000000e+00
   endloop
 endfacet
 facet normal  0.000000e+00  0.000000e+00  1.000000e+00
   outer loop
     vertex  6.418059e-01 -8.498883e-01  0.000000e+00
     vertex  2.914511e-01 -1.024344e+00  0.000000e+00
     vertex  4.747113e-01 -9.533489e-01  0.000000e+00
   endloop
 endfacet
 facet normal  0.000000e+00  0.000000e+00  1.000000e+00
   outer loop
     vertex -4.747113e-01  9.533489e-01  0.000000e+00
     vertex -6.418059e-01  8.498883e-01  0.000000e+00
     vertex -7.870445e-01  7.174859e-01  0.000000e+00
   endloop
 endfacet
 facet normal  0.000000e+00  0.000000e+00  1.000000e+00
   outer loop
     vertex -4.747113e-01  9.533489e-01  0.000000e+00
     vertex -7.870445e-01  7.174859e-01  0.000000e+00
     vertex -9.054812e-01  5.606503e-01  0.000000e+00
   endloop
 endfacet
 facet normal  0.000000e+00  0.000000e+00  1.000000e+00
   outer loop
     vertex  9.930829e-01 -3.847224e-01  0.000000e+00
     vertex  6.418059e-01 -8.498883e-01  0.000000e+00
     vertex  7.870445e-01 -7.174859e-01  0.000000e+00
   endloop
 endfacet
 facet normal  0.000000e+00  0.000000e+00  1.000000e+00
   outer loop
     vertex  9.930829e-01 -3.847224e-01  0.000000e+00
     vertex  7.870445e-01 -7.174859e-01  0.000000e+00
     vertex  9.054812e-01 -5.606503e-01  0.000000e+00
   endloop
 endfacet
 facet normal  0.000000e+00  0.000000e+00  1.000000e+00
   outer loop
     vertex  1.046866e+00  1.956932e-01  0.000000e+00
     vertex -9.826580e-02 -1.060457e+00  0.000000e+00
     vertex  9.826580e-02 -1.060457e+00  0.000000e+00
   endloop
 endfacet
 facet normal  0.000000e+00  0.000000e+00  1.000000e+00
   outer loop
     vertex  1.046866e+00  1.956932e-01  0.000000e+00
     vertex  9.826580e-02 -1.060457e+00  0.000000e+00
     vertex  2.914511e-01 -1.024344e+00  0.000000e+00
   endloop
 endfacet
 facet normal  0.000000e+00  0.000000e+00  1.000000e+00
   outer loop
     vertex  1.046866e+00  1.956932e-01  0.000000e+00
     vertex  9.930829e-01 -3.847224e-01  0.000000e+00
     vertex  1.046866e+00 -1.956932e-01  0.000000e+00
   endloop
 endfacet
 facet normal  0.000000e+00  0.000000e+00  1.000000e+00
   outer loop
     vertex  1.046866e+00  1.956932e-01  0.000000e+00
     vertex  1.046866e+00 -1.956932e-01  0.000000e+00
     vertex  1.065000e+00 -2.608498e-16  0.000000e+00
   endloop
 endfacet
 facet normal  0.000000e+00  0.000000e+00  1.000000e+00
   outer loop
     vertex  1.046866e+00  1.956932e-01  0.000000e+00
     vertex  2.914511e-01 -1.024344e+00  0.000000e+00
     vertex  6.418059e-01 -8.498883e-01  0.000000e+00
   endloop
 endfacet
 facet normal  0.000000e+00  0.000000e+00  1.000000e+00
   outer loop
     vertex  1.046866e+00  1.956932e-01  0.000000e+00
     vertex  6.418059e-01 -8.498883e-01  0.000000e+00
     vertex  9.930829e-01 -3.847224e-01  0.000000e+00
   endloop
 endfacet
 facet normal  0.000000e+00  0.000000e+00  1.000000e+00
   outer loop
     vertex  9.930829e-01  3.847224e-01  0.000000e+00
     vertex -9.826580e-02 -1.060457e+00  0.000000e+00
     vertex  1.046866e+00  1.956932e-01  0.000000e+00
   endloop
 endfacet
 facet normal  0.000000e+00  0.000000e+00  1.000000e+00
   outer loop
     vertex  7.870445e-01  7.174859e-01  0.000000e+00
     vertex  9.930829e-01  3.847224e-01  0.000000e+00
     vertex  9.054812e-01  5.606503e-01  0.000000e+00
   endloop
 endfacet
 facet normal  0.000000e+00  0.000000e+00  1.000000e+00
   outer loop
     vertex  7.870445e-01  7.174859e-01  0.000000e+00
     vertex  6.418059e-01  8.498883e-01  0.000000e+00
     vertex  4.747113e-01  9.533489e-01  0.000000e+00
   endloop
 endfacet
 facet normal  0.000000e+00  0.000000e+00  1.000000e+00
   outer loop
     vertex  7.870445e-01  7.174859e-01  0.000000e+00
     vertex  4.747113e-01  9.533489e-01  0.000000e+00
     vertex  2.914511e-01  1.024344e+00  0.000000e+00
   endloop
 endfacet
 facet normal  0.000000e+00  0.000000e+00  1.000000e+00
   outer loop
     vertex  7.870445e-01  7.174859e-01  0.000000e+00
     vertex  2.914511e-01  1.024344e+00  0.000000e+00
     vertex  9.826580e-02  1.060457e+00  0.000000e+00
   endloop
 endfacet
 facet normal  0.000000e+00  0.000000e+00  1.000000e+00
   outer loop
     vertex  7.870445e-01  7.174859e-01  0.000000e+00
     vertex  9.826580e-02  1.060457e+00  0.000000e+00
     vertex -9.826580e-02  1.060457e+00  0.000000e+00
   endloop
 endfacet
 facet normal  0.000000e+00  0.000000e+00  1.000000e+00
   outer loop
     vertex  7.870445e-01  7.174859e-01  0.000000e+00
     vertex -9.826580e-02  1.060457e+00  0.000000e+00
     vertex -2.914511e-01  1.024344e+00  0.000000e+00
   endloop
 endfacet
 facet normal  0.000000e+00  0.000000e+00  1.000000e+00
   outer loop
     vertex  7.870445e-01  7.174859e-01  0.000000e+00
     vertex -2.914511e-01  1.024344e+00  0.000000e+00
     vertex -4.747113e-01  9.533489e-01  0.000000e+00
   endloop
 endfacet
 facet normal  0.000000e+00  0.000000e+00  1.000000e+00
   outer loop
     vertex  7.870445e-01  7.174859e-01  0.000000e+00
     vertex -9.054812e-01  5.606503e-01  0.000000e+00
     vertex -9.930829e-01  3.847224e-01  0.000000e+00
   endloop
 endfacet
 facet normal  0.000000e+00  0.000000e+00  1.000000e+00
   outer loop
     vertex  7.870445e-01  7.174859e-01  0.000000e+00
     vertex -9.930829e-01  3.847224e-01  0.000000e+00
     vertex -1.046866e+00  1.956932e-01  0.000000e+00
   endloop
 endfacet
 facet normal  0.000000e+00  0.000000e+00  1.000000e+00
   outer loop
     vertex  7.870445e-01  7.174859e-01  0.000000e+00
     vertex -1.046866e+00  1.956932e-01  0.000000e+00
     vertex -1.065000e+00  1.076335e-15  0.000000e+00
   endloop
 endfacet
 facet normal  0.000000e+00  0.000000e+00  1.000000e+00
   outer loop
     vertex  7.870445e-01  7.174859e-01  0.000000e+00
     vertex -1.065000e+00  1.076335e-15  0.000000e+00
     vertex -1.046866e+00 -1.956932e-01  0.000000e+00
   endloop
 endfacet
 facet normal  0.000000e+00  0.000000e+00  1.000000e+00
   outer loop
     vertex  7.870445e-01  7.174859e-01  0.000000e+00
     vertex -1.046866e+00 -1.956932e-01  0.000000e+00
     vertex -9.930829e-01 -3.847224e-01  0.000000e+00
   endloop
 endfacet
 facet normal  0.000000e+00  0.000000e+00  1.000000e+00
   outer loop
     vertex  7.870445e-01  7.174859e-01  0.000000e+00
     vertex -9.930829e-01 -3.847224e-01  0.000000e+00
     vertex -9.054812e-01 -5.606503e-01  0.000000e+00
   endloop
 endfacet
 facet normal  0.000000e+00  0.000000e+00  1.000000e+00
   outer loop
     vertex  7.870445e-01  7.174859e-01  0.000000e+00
     vertex -9.054812e-01 -5.606503e-01  0.000000e+00
     vertex -7.870445e-01 -7.174859e-01  0.000000e+00
   endloop
 endfacet
 facet normal  0.000000e+00  0.000000e+00  1.000000e+00
   outer loop
     vertex  7.870445e-01  7.174859e-01  0.000000e+00
     vertex -7.870445e-01 -7.174859e-01  0.000000e+00
     vertex -6.418059e-01 -8.498883e-01  0.000000e+00
   endloop
 endfacet
 facet normal  0.000000e+00  0.000000e+00  1.000000e+00
   outer loop
     vertex  7.870445e-01  7.174859e-01  0.000000e+00
     vertex -6.418059e-01 -8.498883e-01  0.000000e+00
     vertex -4.747113e-01 -9.533489e-01  0.000000e+00
   endloop
 endfacet
 facet normal  0.000000e+00  0.000000e+00  1.000000e+00
   outer loop
     vertex  7.870445e-01  7.174859e-01  0.000000e+00
     vertex -4.747113e-01 -9.533489e-01  0.000000e+00
     vertex -9.826580e-02 -1.060457e+00  0.000000e+00
   endloop
 endfacet
 facet normal  0.000000e+00  0.000000e+00  1.000000e+00
   outer loop
     vertex  7.870445e-01  7.174859e-01  0.000000e+00
     vertex -4.747113e-01  9.533489e-01  0.000000e+00
     vertex -9.054812e-01  5.606503e-01  0.000000e+00
   endloop
 endfacet
 facet normal  0.000000e+00  0.000000e+00  1.000000e+00
   outer loop
     vertex  7.870445e-01  7.174859e-01  0.000000e+00
     vertex -9.826580e-02 -1.060457e+00  0.000000e+00
     vertex  9.930829e-01  3.847224e-01  0.000000e+00
   endloop
 endfacet
 facet normal  0.000000e+00  0.000000e+00 -1.000000e+00
   outer loop
     vertex -9.826580e-02 -1.060457e+00 -2.000000e-02
     vertex -2.914511e-01 -1.024344e+00 -2.000000e-02
     vertex -4.747113e-01 -9.533489e-01 -2.000000e-02
   endloop
 endfacet
 facet normal  0.000000e+00  0.000000e+00 -1.000000e+00
   outer loop
     vertex  6.418059e-01 -8.498883e-01 -2.000000e-02
     vertex  4.747113e-01 -9.533489e-01 -2.000000e-02
     vertex  2.914511e-01 -1.024344e+00 -2.000000e-02
   endloop
 endfacet
 facet normal  0.000000e+00  0.000000e+00 -1.000000e+00
   outer loop
     vertex -4.747113e-01  9.533489e-01 -2.000000e-02
     vertex -7.870445e-01  7.174859e-01 -2.000000e-02
     vertex -6.418059e-01  8.498883e-01 -2.000000e-02
   endloop
 endfacet
 facet normal  0.000000e+00  0.000000e+00 -1.000000e+00
   outer loop
     vertex -4.747113e-01  9.533489e-01 -2.000000e-02
     vertex -9.054812e-01  5.606503e-01 -2.000000e-02
     vertex -7.870445e-01  7.174859e-01 -2.000000e-02
   endloop
 endfacet
 facet normal  0.000000e+00  0.000000e+00 -1.000000e+00
   outer loop
     vertex  9.930829e-01 -3.847224e-01 -2.000000e-02
     vertex  7.870445e-01 -7.174859e-01 -2.000000e-02
     vertex  6.418059e-01 -8.498883e-01 -2.000000e-02
   endloop
 endfacet
 facet normal  0.000000e+00  0.000000e+00 -1.000000e+00
   outer loop
     vertex  9.930829e-01 -3.847224e-01 -2.000000e-02
     vertex  9.054812e-01 -5.606503e-01 -2.000000e-02
     vertex  7.870445e-01 -7.174859e-01 -2.000000e-02
   endloop
 endfacet
 facet normal  0.000000e+00  0.000000e+00 -1.000000e+00
   outer loop
     vertex  1.046866e+00  1.956932e-01 -2.000000e-02
     vertex  9.826580e-02 -1.060457e+00 -2.000000e-02
     vertex -9.826580e-02 -1.060457e+00 -2.000000e-02
   endloop
 endfacet
 facet normal  0.000000e+00  0.000000e+00 -1.000000e+00
   outer loop
     vertex  1.046866e+00  1.956932e-01 -2.000000e-02
     vertex  2.914511e-01 -1.024344e+00 -2.000000e-02
     vertex  9.826580e-02 -1.060457e+00 -2.000000e-02
   endloop
 endfacet
 facet normal  0.000000e+00 -0.000000e+00 -1.000000e+00
   outer loop
     vertex  1.046866e+00  1.956932e-01 -2.000000e-02
     vertex  1.046866e+00 -1.956932e-01 -2.000000e-02
     vertex  9.930829e-01 -3.847224e-01 -2.000000e-02
   endloop
 endfacet
 facet normal  0.000000e+00  0.000000e+00 -1.000000e+00
   outer loop
     vertex  1.046866e+00  1.956932e-01 -2.000000e-02
     vertex  1.065000e+00 -2.608498e-16 -2.000000e-02
     vertex  1.046866e+00 -1.956932e-01 -2.000000e-02
   endloop
 endfacet
 facet normal  0.000000e+00  0.000000e+00 -1.000000e+00
   outer loop
     vertex  1.046866e+00  1.956932e-01 -2.000000e-02
     vertex  6.418059e-01 -8.498883e-01 -2.000000e-02
     vertex  2.914511e-01 -1.024344e+00 -2.000000e-02
   endloop
 endfacet
 facet normal  0.000000e+00  0.000000e+00 -1.000000e+00
   outer loop
     vertex  1.046866e+00  1.956932e-01 -2.000000e-02
     vertex  9.930829e-01 -3.847224e-01 -2.000000e-02
     vertex  6.418059e-01 -8.498883e-01 -2.000000e-02
   endloop
 endfacet
 facet normal  0.000000e+00 -0.000000e+00 -1.000000e+00
   outer loop
     vertex  9.930829e-01  3.847224e-01 -2.000000e-02
     vertex  1.046866e+00  1.956932e-01 -2.000000e-02
     vertex -9.826580e-02 -1.060457e+00 -2.000000e-02
   endloop
 endfacet
 facet normal  0.000000e+00  0.000000e+00 -1.000000e+00
   outer loop
     vertex  7.870445e-01  7.174859e-01 -2.000000e-02
     vertex  9.054812e-01  5.606503e-01 -2.000000e-02
     vertex  9.930829e-01  3.847224e-01 -2.000000e-02
   endloop
 endfacet
 facet normal  0.000000e+00  0.000000e+00 -1.000000e+00
   outer loop
     vertex  7.870445e-01  7.174859e-01 -2.000000e-02
     vertex  4.747113e-01  9.533489e-01 -2.000000e-02
     vertex  6.418059e-01  8.498883e-01 -2.000000e-02
   endloop
 endfacet
 facet normal  0.000000e+00  0.000000e+00 -1.000000e+00
   outer loop
     vertex  7.870445e-01  7.174859e-01 -2.000000e-02
     vertex  2.914511e-01  1.024344e+00 -2.000000e-02
     vertex  4.747113e-01  9.533489e-01 -2.000000e-02
   endloop
 endfacet
 facet normal  0.000000e+00  0.000000e+00 -1.000000e+00
   outer loop
     vertex  7.870445e-01  7.174859e-01 -2.000000e-02
     vertex  9.826580e-02  1.060457e+00 -2.000000e-02
     vertex  2.914511e-01  1.024344e+00 -2.000000e-02
   endloop
 endfacet
 facet normal  0.000000e+00  0.000000e+00 -1.000000e+00
   outer loop
     vertex  7.870445e-01  7.174859e-01 -2.000000e-02
     vertex -9.826580e-02  1.060457e+00 -2.000000e-02
     vertex  9.826580e-02  1.060457e+00 -2.000000e-02
   endloop
 endfacet
 facet normal  0.000000e+00  0.000000e+00 -1.000000e+00
   outer loop
     vertex  7.870445e-01  7.174859e-01 -2.000000e-02
     vertex -2.914511e-01  1.024344e+00 -2.000000e-02
     vertex -9.826580e-02  1.060457e+00 -2.000000e-02
   endloop
 endfacet
 facet normal  0.000000e+00  0.000000e+00 -1.000000e+00
   outer loop
     vertex  7.870445e-01  7.174859e-01 -2.000000e-02
     vertex -4.747113e-01  9.533489e-01 -2.000000e-02
     vertex -2.914511e-01  1.024344e+00 -2.000000e-02
   endloop
 endfacet
 facet normal  0.000000e+00  0.000000e+00 -1.000000e+00
   outer loop
     vertex  7.870445e-01  7.174859e-01 -2.000000e-02
     vertex -9.930829e-01  3.847224e-01 -2.000000e-02
     vertex -9.054812e-01  5.606503e-01 -2.000000e-02
   endloop
 endfacet
 facet normal  0.000000e+00  0.000000e+00 -1.000000e+00
   outer loop
     vertex  7.870445e-01  7.174859e-01 -2.000000e-02
     vertex -1.046866e+00  1.956932e-01 -2.000000e-02
     vertex -9.930829e-01  3.847224e-01 -2.000000e-02
   endloop
 endfacet
 facet normal  0.000000e+00  0.000000e+00 -1.000000e+00
   outer loop
     vertex  7.870445e-01  7.174859e-01 -2.000000e-02
     vertex -1.065000e+00  1.076335e-15 -2.000000e-02
     vertex -1.046866e+00  1.956932e-01 -2.000000e-02
   endloop
 endfacet
 facet normal  0.000000e+00  0.000000e+00 -1.000000e+00
   outer loop
     vertex  7.870445e-01  7.174859e-01 -2.000000e-02
     vertex -1.046866e+00 -1.956932e-01 -2.000000e-02
     vertex -1.065000e+00  1.076335e-15 -2.000000e-02
   endloop
 endfacet
 facet normal  0.000000e+00  0.000000e+00 -1.000000e+00
   outer loop
     vertex  7.870445e-01  7.174859e-01 -2.000000e-02
     vertex -9.930829e-01 -3.847224e-01 -2.000000e-02
     vertex -1.046866e+00 -1.956932e-01 -2.000000e-02
   endloop
 endfacet
 facet normal  0.000000e+00  0.000000e+00 -1.000000e+00
   outer loop
     vertex  7.870445e-01  7.174859e-01 -2.000000e-02
     vertex -9.054812e-01 -5.606503e-01 -2.000000e-02
     vertex -9.930829e-01 -3.847224e-01 -2.000000e-02
   endloop
 endfacet
 facet normal  0.000000e+00  0.000000e+00 -1.000000e+00
   outer loop
     vertex  7.870445e-01  7.174859e-01 -2.000000e-02
     vertex -7.870445e-01 -7.174859e-01 -2.000000e-02
     vertex -9.054812e-01 -5.606503e-01 -2.000000e-02
   endloop
 endfacet
 facet normal  0.000000e+00  0.000000e+00 -1.000000e+00
   outer loop
     vertex  7.870445e-01  7.174859e-01 -2.000000e-02
     vertex -6.418059e-01 -8.498883e-01 -2.000000e-02
     vertex -7.870445e-01 -7.174859e-01 -2.000000e-02
   endloop
 endfacet
 facet normal  0.000000e+00  0.000000e+00 -1.000000e+00
   outer loop
     vertex  7.870445e-01  7.174859e-01 -2.000000e-02
     vertex -4.747113e-01 -9.533489e-01 -2.000000e-02
     vertex -6.418059e-01 -8.498883e-01 -2.000000e-02
   endloop
 endfacet
 facet normal  0.000000e+00  0.000000e+00 -1.000000e+00
   outer loop
     vertex  7.870445e-01  7.174859e-01 -2.000000e-02
     vertex -9.826580e-02 -1.060457e+00 -2.000000e-02
     vertex -4.747113e-01 -9.533489e-01 -2.000000e-02
   endloop
 endfacet
 facet normal -0.000000e+00  0.000000e+00 -1.000000e+00
   outer loop
     vertex  7.870445e-01  7.174859e-01 -2.000000e-02
     vertex -9.054812e-01  5.606503e-01 -2.000000e-02
     vertex -4.747113e-01  9.533489e-01 -2.000000e-02
   endloop
 endfacet
 facet normal  0.000000e+00 -0.000000e+00 -1.000000e+00
   outer loop
     vertex  7.870445e-01  7.174859e-01 -2.000000e-02
     vertex  9.930829e-01  3.847224e-01 -2.000000e-02
     vertex -9.826580e-02 -1.060457e+00 -2.000000e-02
   endloop
 endfacet
 facet normal  9.957342e-01  9.226836e-02  0.000000e+00
   outer loop
     vertex  1.046866e+00  1.956932e-01  9.600000e+00
     vertex  1.065000e+00 -2.608498e-16  9.600000e+00
     vertex  1.065000e+00 -2.608498e-16  0.000000e+00
   endloop
 endfacet
 facet normal  9.957342e-01  9.226836e-02  0.000000e+00
   outer loop
     vertex  1.046866e+00  1.956932e-01  9.600000e+00
     vertex  1.065000e+00 -2.608498e-16  0.000000e+00
     vertex  1.046866e+00  1.956932e-01  0.000000e+00
   endloop
 endfacet
 facet normal  9.618256e-01  2.736630e-01  0.000000e+00
   outer loop
     vertex  9.930829e-01  3.847224e-01  9.600000e+00
     vertex  1.046866e+00  1.956932e-01  0.000000e+00
     vertex  9.930829e-01  3.847224e-01  0.000000e+00
   endloop
 endfacet
 facet normal  8.951633e-01  4.457384e-01  0.000000e+00
   outer loop
     vertex  9.930829e-01  3.847224e-01  9.600000e+00
     vertex  9.930829e-01  3.847224e-01  0.000000e+00
     vertex  9.054812e-01  5.606503e-01  0.000000e+00
   endloop
 endfacet
 facet normal  9.618256e-01  2.736630e-01  0.000000e+00
   outer loop
     vertex  9.930829e-01  3.847224e-01  9.600000e+00
     vertex  1.046866e+00  1.956932e-01  9.600000e+00
     vertex  1.046866e+00  1.956932e-01  0.000000e+00
   endloop
 endfacet
 facet normal  8.951633e-01  4.457384e-01  0.000000e+00
   outer loop
     vertex  9.054812e-01  5.606503e-01  9.600000e+00
     vertex  9.930829e-01  3.847224e-01  9.600000e+00
     vertex  9.054812e-01  5.606503e-01  0.000000e+00
   endloop
 endfacet
 facet normal  7.980172e-01  6.026346e-01  0.000000e+00
   outer loop
     vertex  7.870445e-01  7.174859e-01  9.600000e+00
     vertex  9.054812e-01  5.606503e-01  0.000000e+00
     vertex  7.870445e-01  7.174859e-01  0.000000e+00
   endloop
 endfacet
 facet normal  6.736956e-01  7.390089e-01  0.000000e+00
   outer loop
     vertex  7.870445e-01  7.174859e-01  9.600000e+00
     vertex  7.870445e-01  7.174859e-01  0.000000e+00
     vertex  6.418059e-01  8.498883e-01  0.000000e+00
   endloop
 endfacet
 facet normal  7.980172e-01  6.026346e-01  0.000000e+00
   outer loop
     vertex  7.870445e-01  7.174859e-01  9.600000e+00
     vertex  9.054812e-01  5.606503e-01  9.600000e+00
     vertex  9.054812e-01  5.606503e-01  0.000000e+00
   endloop
 endfacet
 facet normal  6.736956e-01  7.390089e-01  0.000000e+00
   outer loop
     vertex  6.418059e-01  8.498883e-01  9.600000e+00
     vertex  7.870445e-01  7.174859e-01  9.600000e+00
     vertex  6.418059e-01  8.498883e-01  0.000000e+00
   endloop
 endfacet
 facet normal  5.264322e-01  8.502171e-01  0.000000e+00
   outer loop
     vertex  4.747113e-01  9.533489e-01  9.600000e+00
     vertex  6.418059e-01  8.498883e-01  0.000000e+00
     vertex  4.747113e-01  9.533489e-01  0.000000e+00
   endloop
 endfacet
 facet normal  5.264322e-01  8.502171e-01  0.000000e+00
   outer loop
     vertex  4.747113e-01  9.533489e-01  9.600000e+00
     vertex  6.418059e-01  8.498883e-01  9.600000e+00
     vertex  6.418059e-01  8.498883e-01  0.000000e+00
   endloop
 endfacet
 facet normal  3.612417e-01  9.324722e-01  0.000000e+00
   outer loop
     vertex  2.914511e-01  1.024344e+00  9.600000e+00
     vertex  4.747113e-01  9.533489e-01  9.600000e+00
     vertex  4.747113e-01  9.533489e-01  0.000000e+00
   endloop
 endfacet
 facet normal  3.612417e-01  9.324722e-01  0.000000e+00
   outer loop
     vertex  2.914511e-01  1.024344e+00  9.600000e+00
     vertex  4.747113e-01  9.533489e-01  0.000000e+00
     vertex  2.914511e-01  1.024344e+00  0.000000e+00
   endloop
 endfacet
 facet normal  1.837495e-01  9.829731e-01  0.000000e+00
   outer loop
     vertex  9.826580e-02  1.060457e+00  9.600000e+00
     vertex  2.914511e-01  1.024344e+00  9.600000e+00
     vertex  2.914511e-01  1.024344e+00  0.000000e+00
   endloop
 endfacet
 facet normal  1.837495e-01  9.829731e-01  0.000000e+00
   outer loop
     vertex  9.826580e-02  1.060457e+00  9.600000e+00
     vertex  2.914511e-01  1.024344e+00  0.000000e+00
     vertex  9.826580e-02  1.060457e+00  0.000000e+00
   endloop
 endfacet
 facet normal -0.000000e+00  1.000000e+00  0.000000e+00
   outer loop
     vertex -9.826580e-02  1.060457e+00  9.600000e+00
     vertex  9.826580e-02  1.060457e+00  9.600000e+00
     vertex  9.826580e-02  1.060457e+00  0.000000e+00
   endloop
 endfacet
 facet normal  0.000000e+00  1.000000e+00  0.000000e+00
   outer loop
     vertex -9.826580e-02  1.060457e+00  9.600000e+00
     vertex  9.826580e-02  1.060457e+00  0.000000e+00
     vertex -9.826580e-02  1.060457e+00  0.000000e+00
   endloop
 endfacet
 facet normal -1.837495e-01  9.829731e-01  0.000000e+00
   outer loop
     vertex -9.826580e-02  1.060457e+00  9.600000e+00
     vertex -9.826580e-02  1.060457e+00  0.000000e+00
     vertex -2.914511e-01  1.024344e+00  0.000000e+00
   endloop
 endfacet
 facet normal -1.837495e-01  9.829731e-01  0.000000e+00
   outer loop
     vertex -2.914511e-01  1.024344e+00  9.600000e+00
     vertex -9.826580e-02  1.060457e+00  9.600000e+00
     vertex -2.914511e-01  1.024344e+00  0.000000e+00
   endloop
 endfacet
 facet normal -3.612417e-01  9.324722e-01  0.000000e+00
   outer loop
     vertex -4.747113e-01  9.533489e-01  9.600000e+00
     vertex -2.914511e-01  1.024344e+00  9.600000e+00
     vertex -2.914511e-01  1.024344e+00  0.000000e+00
   endloop
 endfacet
 facet normal -3.612417e-01  9.324722e-01  0.000000e+00
   outer loop
     vertex -4.747113e-01  9.533489e-01  9.600000e+00
     vertex -2.914511e-01  1.024344e+00  0.000000e+00
     vertex -4.747113e-01  9.533489e-01  0.000000e+00
   endloop
 endfacet
 facet normal -5.264322e-01  8.502171e-01  0.000000e+00
   outer loop
     vertex -6.418059e-01  8.498883e-01  9.600000e+00
     vertex -4.747113e-01  9.533489e-01  9.600000e+00
     vertex -4.747113e-01  9.533489e-01  0.000000e+00
   endloop
 endfacet
 facet normal -5.264322e-01  8.502171e-01  0.000000e+00
   outer loop
     vertex -6.418059e-01  8.498883e-01  9.600000e+00
     vertex -4.747113e-01  9.533489e-01  0.000000e+00
     vertex -6.418059e-01  8.498883e-01  0.000000e+00
   endloop
 endfacet
 facet normal -6.736956e-01  7.390089e-01  0.000000e+00
   outer loop
     vertex -6.418059e-01  8.498883e-01  9.600000e+00
     vertex -6.418059e-01  8.498883e-01  0.000000e+00
     vertex -7.870445e-01  7.174859e-01  0.000000e+00
   endloop
 endfacet
 facet normal -6.736956e-01  7.390089e-01  0.000000e+00
   outer loop
     vertex -7.870445e-01  7.174859e-01  9.600000e+00
     vertex -6.418059e-01  8.498883e-01  9.600000e+00
     vertex -7.870445e-01  7.174859e-01  0.000000e+00
   endloop
 endfacet
 facet normal -7.980172e-01  6.026346e-01  0.000000e+00
   outer loop
     vertex -9.054812e-01  5.606503e-01  9.600000e+00
     vertex -7.870445e-01  7.174859e-01  9.600000e+00
     vertex -7.870445e-01  7.174859e-01  0.000000e+00
   endloop
 endfacet
 facet normal -7.980172e-01  6.026346e-01  0.000000e+00
   outer loop
     vertex -9.054812e-01  5.606503e-01  9.600000e+00
     vertex -7.870445e-01  7.174859e-01  0.000000e+00
     vertex -9.054812e-01  5.606503e-01  0.000000e+00
   endloop
 endfacet
 facet normal -8.951633e-01  4.457384e-01  0.000000e+00
   outer loop
     vertex -9.930829e-01  3.847224e-01  9.600000e+00
     vertex -9.054812e-01  5.606503e-01  9.600000e+00
     vertex -9.054812e-01  5.606503e-01  0.000000e+00
   endloop
 endfacet
 facet normal -8.951633e-01  4.457384e-01  0.000000e+00
   outer loop
     vertex -9.930829e-01  3.847224e-01  9.600000e+00
     vertex -9.054812e-01  5.606503e-01  0.000000e+00
     vertex -9.930829e-01  3.847224e-01  0.000000e+00
   endloop
 endfacet
 facet normal -9.618256e-01  2.736630e-01  0.000000e+00
   outer loop
     vertex -9.930829e-01  3.847224e-01  9.600000e+00
     vertex -9.930829e-01  3.847224e-01  0.000000e+00
     vertex -1.046866e+00  1.956932e-01  0.000000e+00
   endloop
 endfacet
 facet normal -9.618256e-01  2.736630e-01  0.000000e+00
   outer loop
     vertex -1.046866e+00  1.956932e-01  9.600000e+00
     vertex -9.930829e-01  3.847224e-01  9.600000e+00
     vertex -1.046866e+00  1.956932e-01  0.000000e+00
   endloop
 endfacet
 facet normal -9.957342e-01  9.226836e-02  0.000000e+00
   outer loop
     vertex -1.065000e+00  1.076335e-15  9.600000e+00
     vertex -1.046866e+00  1.956932e-01  9.600000e+00
     vertex -1.046866e+00  1.956932e-01  0.000000e+00
   endloop
 endfacet
 facet normal -9.957342e-01  9.226836e-02  0.000000e+00
   outer loop
     vertex -1.065000e+00  1.076335e-15  9.600000e+00
     vertex -1.046866e+00  1.956932e-01  0.000000e+00
     vertex -1.065000e+00  1.076335e-15  0.000000e+00
   endloop
 endfacet
 facet normal -9.957342e-01 -9.226836e-02  0.000000e+00
   outer loop
     vertex -1.046866e+00 -1.956932e-01  9.600000e+00
     vertex -1.065000e+00  1.076335e-15  9.600000e+00
     vertex -1.065000e+00  1.076335e-15  0.000000e+00
   endloop
 endfacet
 facet normal -9.957342e-01 -9.226836e-02 -0.000000e+00
   outer loop
     vertex -1.046866e+00 -1.956932e-01  9.600000e+00
     vertex -1.065000e+00  1.076335e-15  0.000000e+00
     vertex -1.046866e+00 -1.956932e-01  0.000000e+00
   endloop
 endfacet
 facet normal -9.618256e-01 -2.736630e-01  0.000000e+00
   outer loop
     vertex -9.930829e-01 -3.847224e-01  9.600000e+00
     vertex -1.046866e+00 -1.956932e-01  9.600000e+00
     vertex -1.046866e+00 -1.956932e-01  0.000000e+00
   endloop
 endfacet
 facet normal -9.618256e-01 -2.736630e-01 -0.000000e+00
   outer loop
     vertex -9.930829e-01 -3.847224e-01  9.600000e+00
     vertex -1.046866e+00 -1.956932e-01  0.000000e+00
     vertex -9.930829e-01 -3.847224e-01  0.000000e+00
   endloop
 endfacet
 facet normal -8.951633e-01 -4.457384e-01 -0.000000e+00
   outer loop
     vertex -9.054812e-01 -5.606503e-01  9.600000e+00
     vertex -9.930829e-01 -3.847224e-01  0.000000e+00
     vertex -9.054812e-01 -5.606503e-01  0.000000e+00
   endloop
 endfacet
 facet normal -8.951633e-01 -4.457384e-01  0.000000e+00
   outer loop
     vertex -9.054812e-01 -5.606503e-01  9.600000e+00
     vertex -9.930829e-01 -3.847224e-01  9.600000e+00
     vertex -9.930829e-01 -3.847224e-01  0.000000e+00
   endloop
 endfacet
 facet normal -7.980172e-01 -6.026346e-01 -0.000000e+00
   outer loop
     vertex -9.054812e-01 -5.606503e-01  9.600000e+00
     vertex -9.054812e-01 -5.606503e-01  0.000000e+00
     vertex -7.870445e-01 -7.174859e-01  0.000000e+00
   endloop
 endfacet
 facet normal -6.736956e-01 -7.390089e-01 -0.000000e+00
   outer loop
     vertex -7.870445e-01 -7.174859e-01  9.600000e+00
     vertex -7.870445e-01 -7.174859e-01  0.000000e+00
     vertex -6.418059e-01 -8.498883e-01  0.000000e+00
   endloop
 endfacet
 facet normal -7.980172e-01 -6.026346e-01 -0.000000e+00
   outer loop
     vertex -7.870445e-01 -7.174859e-01  9.600000e+00
     vertex -9.054812e-01 -5.606503e-01  9.600000e+00
     vertex -7.870445e-01 -7.174859e-01  0.000000e+00
   endloop
 endfacet
 facet normal -6.736956e-01 -7.390089e-01 -0.000000e+00
   outer loop
     vertex -6.418059e-01 -8.498883e-01  9.600000e+00
     vertex -7.870445e-01 -7.174859e-01  9.600000e+00
     vertex -6.418059e-01 -8.498883e-01  0.000000e+00
   endloop
 endfacet
 facet normal -5.264322e-01 -8.502171e-01 -0.000000e+00
   outer loop
     vertex -4.747113e-01 -9.533489e-01  9.600000e+00
     vertex -6.418059e-01 -8.498883e-01  0.000000e+00
     vertex -4.747113e-01 -9.533489e-01  0.000000e+00
   endloop
 endfacet
 facet normal -5.264322e-01 -8.502171e-01  0.000000e+00
   outer loop
     vertex -4.747113e-01 -9.533489e-01  9.600000e+00
     vertex -6.418059e-01 -8.498883e-01  9.600000e+00
     vertex -6.418059e-01 -8.498883e-01  0.000000e+00
   endloop
 endfacet
 facet normal -3.612417e-01 -9.324722e-01 -0.000000e+00
   outer loop
     vertex -2.914511e-01 -1.024344e+00  9.600000e+00
     vertex -4.747113e-01 -9.533489e-01  0.000000e+00
     vertex -2.914511e-01 -1.024344e+00  0.000000e+00
   endloop
 endfacet
 facet normal -3.612417e-01 -9.324722e-01  0.000000e+00
   outer loop
     vertex -2.914511e-01 -1.024344e+00  9.600000e+00
     vertex -4.747113e-01 -9.533489e-01  9.600000e+00
     vertex -4.747113e-01 -9.533489e-01  0.000000e+00
   endloop
 endfacet
 facet normal -1.837495e-01 -9.829731e-01 -0.000000e+00
   outer loop
     vertex -9.826580e-02 -1.060457e+00  9.600000e+00
     vertex -2.914511e-01 -1.024344e+00  0.000000e+00
     vertex -9.826580e-02 -1.060457e+00  0.000000e+00
   endloop
 endfacet
 facet normal -1.837495e-01 -9.829731e-01  0.000000e+00
   outer loop
     vertex -9.826580e-02 -1.060457e+00  9.600000e+00
     vertex -2.914511e-01 -1.024344e+00  9.600000e+00
     vertex -2.914511e-01 -1.024344e+00  0.000000e+00
   endloop
 endfacet
 facet normal  0.000000e+00 -1.000000e+00 -0.000000e+00
   outer loop
     vertex  9.826580e-02 -1.060457e+00  9.600000e+00
     vertex -9.826580e-02 -1.060457e+00  0.000000e+00
     vertex  9.826580e-02 -1.060457e+00  0.000000e+00
   endloop
 endfacet
 facet normal -0.000000e+00 -1.000000e+00  0.000000e+00
   outer loop
     vertex  9.826580e-02 -1.060457e+00  9.600000e+00
     vertex -9.826580e-02 -1.060457e+00  9.600000e+00
     vertex -9.826580e-02 -1.060457e+00  0.000000e+00
   endloop
 endfacet
 facet normal  1.837495e-01 -9.829731e-01  0.000000e+00
   outer loop
     vertex  2.914511e-01 -1.024344e+00  9.600000e+00
     vertex  9.826580e-02 -1.060457e+00  0.000000e+00
     vertex  2.914511e-01 -1.024344e+00  0.000000e+00
   endloop
 endfacet
 facet normal  1.837495e-01 -9.829731e-01  0.000000e+00
   outer loop
     vertex  2.914511e-01 -1.024344e+00  9.600000e+00
     vertex  9.826580e-02 -1.060457e+00  9.600000e+00
     vertex  9.826580e-02 -1.060457e+00  0.000000e+00
   endloop
 endfacet
 facet normal  3.612417e-01 -9.324722e-01  0.000000e+00
   outer loop
     vertex  4.747113e-01 -9.533489e-01  9.600000e+00
     vertex  2.914511e-01 -1.024344e+00  0.000000e+00
     vertex  4.747113e-01 -9.533489e-01  0.000000e+00
   endloop
 endfacet
 facet normal  3.612417e-01 -9.324722e-01  0.000000e+00
   outer loop
     vertex  4.747113e-01 -9.533489e-01  9.600000e+00
     vertex  2.914511e-01 -1.024344e+00  9.600000e+00
     vertex  2.914511e-01 -1.024344e+00  0.000000e+00
   endloop
 endfacet
 facet normal  5.264322e-01 -8.502171e-01  0.000000e+00
   outer loop
     vertex  6.418059e-01 -8.498883e-01  9.600000e+00
     vertex  4.747113e-01 -9.533489e-01  0.000000e+00
     vertex  6.418059e-01 -8.498883e-01  0.000000e+00
   endloop
 endfacet
 facet normal  5.264322e-01 -8.502171e-01  0.000000e+00
   outer loop
     vertex  6.418059e-01 -8.498883e-01  9.600000e+00
     vertex  4.747113e-01 -9.533489e-01  9.600000e+00
     vertex  4.747113e-01 -9.533489e-01  0.000000e+00
   endloop
 endfacet
 facet normal  6.736956e-01 -7.390089e-01  0.000000e+00
   outer loop
     vertex  7.870445e-01 -7.174859e-01  9.600000e+00
     vertex  6.418059e-01 -8.498883e-01  0.000000e+00
     vertex  7.870445e-01 -7.174859e-01  0.000000e+00
   endloop
 endfacet
 facet normal  6.736956e-01 -7.390089e-01  0.000000e+00
   outer loop
     vertex  7.870445e-01 -7.174859e-01  9.600000e+00
     vertex  6.418059e-01 -8.498883e-01  9.600000e+00
     vertex  6.418059e-01 -8.498883e-01  0.000000e+00
   endloop
 endfacet
 facet normal  7.980172e-01 -6.026346e-01  0.000000e+00
   outer loop
     vertex  9.054812e-01 -5.606503e-01  9.600000e+00
     vertex  7.870445e-01 -7.174859e-01  0.000000e+00
     vertex  9.054812e-01 -5.606503e-01  0.000000e+00
   endloop
 endfacet
 facet normal  7.980172e-01 -6.026346e-01  0.000000e+00
   outer loop
     vertex  9.054812e-01 -5.606503e-01  9.600000e+00
     vertex  7.870445e-01 -7.174859e-01  9.600000e+00
     vertex  7.870445e-01 -7.174859e-01  0.000000e+00
   endloop
 endfacet
 facet normal  8.951633e-01 -4.457384e-01  0.000000e+00
   outer loop
     vertex  9.930829e-01 -3.847224e-01  9.600000e+00
     vertex  9.054812e-01 -5.606503e-01  0.000000e+00
     vertex  9.930829e-01 -3.847224e-01  0.000000e+00
   endloop
 endfacet
 facet normal  8.951633e-01 -4.457384e-01  0.000000e+00
   outer loop
     vertex  9.930829e-01 -3.847224e-01  9.600000e+00
     vertex  9.054812e-01 -5.606503e-01  9.600000e+00
     vertex  9.054812e-01 -5.606503e-01  0.000000e+00
   endloop
 endfacet
 facet normal  9.618256e-01 -2.736630e-01  0.000000e+00
   outer loop
     vertex  1.046866e+00 -1.956932e-01  9.600000e+00
     vertex  9.930829e-01 -3.847224e-01  9.600000e+00
     vertex  9.930829e-01 -3.847224e-01  0.000000e+00
   endloop
 endfacet
 facet normal  9.618256e-01 -2.736630e-01  0.000000e+00
   outer loop
     vertex  1.046866e+00 -1.956932e-01  9.600000e+00
     vertex  9.930829e-01 -3.847224e-01  0.000000e+00
     vertex  1.046866e+00 -1.956932e-01  0.000000e+00
   endloop
 endfacet
 facet normal  9.957342e-01 -9.226836e-02  0.000000e+00
   outer loop
     vertex  1.065000e+00 -2.608498e-16  9.600000e+00
     vertex  1.046866e+00 -1.956932e-01  9.600000e+00
     vertex  1.046866e+00 -1.956932e-01  0.000000e+00
   endloop
 endfacet
 facet normal  9.957342e-01 -9.226836e-02  0.000000e+00
   outer loop
     vertex  1.065000e+00 -2.608498e-16  9.600000e+00
     vertex  1.046866e+00 -1.956932e-01  0.000000e+00
     vertex  1.065000e+00 -2.608498e-16  0.000000e+00
   endloop
 endfacet
 facet normal  0.000000e+00  0.000000e+00  1.000000e+00
   outer loop
     vertex -6.843295e-01 -7.897583e-01  9.600000e+00
     vertex -7.870445e-01 -7.174859e-01  9.600000e+00
     vertex -6.418059e-01 -8.498883e-01  9.600000e+00
   endloop
 endfacet
 facet normal  0.000000e+00  0.000000e+00  1.000000e+00
   outer loop
     vertex -8.214255e-01 -6.459761e-01  9.600000e+00
     vertex -7.870445e-01 -7.174859e-01  9.600000e+00
     vertex -6.843295e-01 -7.897583e-01  9.600000e+00
   endloop
 endfacet
 facet normal  0.000000e+00  0.000000e+00  1.000000e+00
   outer loop
     vertex -9.054812e-01 -5.606503e-01  9.600000e+00
     vertex -7.870445e-01 -7.174859e-01  9.600000e+00
     vertex -8.214255e-01 -6.459761e-01  9.600000e+00
   endloop
 endfacet
 facet normal  0.000000e+00  0.000000e+00  1.000000e+00
   outer loop
     vertex -5.225000e-01 -9.049965e-01  9.600000e+00
     vertex -6.418059e-01 -8.498883e-01  9.600000e+00
     vertex -4.747113e-01 -9.533489e-01  9.600000e+00
   endloop
 endfacet
 facet normal  0.000000e+00  0.000000e+00  1.000000e+00
   outer loop
     vertex -5.225000e-01 -9.049965e-01  9.600000e+00
     vertex -6.843295e-01 -7.897583e-01  9.600000e+00
     vertex -6.418059e-01 -8.498883e-01  9.600000e+00
   endloop
 endfacet
 facet normal  0.000000e+00  0.000000e+00  1.000000e+00
   outer loop
     vertex -9.288330e-01 -4.788467e-01  9.600000e+00
     vertex -9.054812e-01 -5.606503e-01  9.600000e+00
     vertex -8.214255e-01 -6.459761e-01  9.600000e+00
   endloop
 endfacet
 facet normal  0.000000e+00  0.000000e+00  1.000000e+00
   outer loop
     vertex -9.930829e-01 -3.847224e-01  9.600000e+00
     vertex -9.054812e-01 -5.606503e-01  9.600000e+00
     vertex -9.288330e-01 -4.788467e-01  9.600000e+00
   endloop
 endfacet
 facet normal  0.000000e+00  0.000000e+00  1.000000e+00
   outer loop
     vertex -3.417860e-01 -9.875259e-01  9.600000e+00
     vertex -5.225000e-01 -9.049965e-01  9.600000e+00
     vertex -4.747113e-01 -9.533489e-01  9.600000e+00
   endloop
 endfacet
 facet normal  0.000000e+00  0.000000e+00  1.000000e+00
   outer loop
     vertex -2.914511e-01 -1.024344e+00  9.600000e+00
     vertex -3.417860e-01 -9.875259e-01  9.600000e+00
     vertex -4.747113e-01 -9.533489e-01  9.600000e+00
   endloop
 endfacet
 facet normal  0.000000e+00  0.000000e+00  1.000000e+00
   outer loop
     vertex -1.002670e+00 -2.944105e-01  9.600000e+00
     vertex -9.930829e-01 -3.847224e-01  9.600000e+00
     vertex -9.288330e-01 -4.788467e-01  9.600000e+00
   endloop
 endfacet
 facet normal  0.000000e+00  0.000000e+00  1.000000e+00
   outer loop
     vertex -1.046866e+00 -1.956932e-01  9.600000e+00
     vertex -9.930829e-01 -3.847224e-01  9.600000e+00
     vertex -1.002670e+00 -2.944105e-01  9.600000e+00
   endloop
 endfacet
 facet normal  0.000000e+00  0.000000e+00  1.000000e+00
   outer loop
     vertex -1.487190e-01 -1.034363e+00  9.600000e+00
     vertex -3.417860e-01 -9.875259e-01  9.600000e+00
     vertex -2.914511e-01 -1.024344e+00  9.600000e+00
   endloop
 endfacet
 facet normal  0.000000e+00  0.000000e+00  1.000000e+00
   outer loop
     vertex -9.826580e-02 -1.060457e+00  9.600000e+00
     vertex -1.487190e-01 -1.034363e+00  9.600000e+00
     vertex -2.914511e-01 -1.024344e+00  9.600000e+00
   endloop
 endfacet
 facet normal  0.000000e+00  0.000000e+00  1.000000e+00
   outer loop
     vertex -1.040268e+00 -9.933357e-02  9.600000e+00
     vertex -1.046866e+00 -1.956932e-01  9.600000e+00
     vertex -1.002670e+00 -2.944105e-01  9.600000e+00
   endloop
 endfacet
 facet normal  0.000000e+00  0.000000e+00  1.000000e+00
   outer loop
     vertex -1.065000e+00  1.076335e-15  9.600000e+00
     vertex -1.046866e+00 -1.956932e-01  9.600000e+00
     vertex -1.040268e+00 -9.933357e-02  9.600000e+00
   endloop
 endfacet
 facet normal  0.000000e+00  0.000000e+00  1.000000e+00
   outer loop
     vertex  4.972310e-02 -1.043816e+00  9.600000e+00
     vertex -1.487190e-01 -1.034363e+00  9.600000e+00
     vertex -9.826580e-02 -1.060457e+00  9.600000e+00
   endloop
 endfacet
 facet normal  0.000000e+00  0.000000e+00  1.000000e+00
   outer loop
     vertex  9.826580e-02 -1.060457e+00  9.600000e+00
     vertex  4.972310e-02 -1.043816e+00  9.600000e+00
     vertex -9.826580e-02 -1.060457e+00  9.600000e+00
   endloop
 endfacet
 facet normal  0.000000e+00  0.000000e+00  1.000000e+00
   outer loop
     vertex -1.040268e+00  9.933357e-02  9.600000e+00
     vertex -1.065000e+00  1.076335e-15  9.600000e+00
     vertex -1.040268e+00 -9.933357e-02  9.600000e+00
   endloop
 endfacet
 facet normal  0.000000e+00  0.000000e+00  1.000000e+00
   outer loop
     vertex -1.046866e+00  1.956932e-01  9.600000e+00
     vertex -1.065000e+00  1.076335e-15  9.600000e+00
     vertex -1.040268e+00  9.933357e-02  9.600000e+00
   endloop
 endfacet
 facet normal  0.000000e+00  0.000000e+00  1.000000e+00
   outer loop
     vertex  2.463681e-01 -1.015543e+00  9.600000e+00
     vertex  4.972310e-02 -1.043816e+00  9.600000e+00
     vertex  9.826580e-02 -1.060457e+00  9.600000e+00
   endloop
 endfacet
 facet normal  0.000000e+00  0.000000e+00  1.000000e+00
   outer loop
     vertex  2.914511e-01 -1.024344e+00  9.600000e+00
     vertex  2.463681e-01 -1.015543e+00  9.600000e+00
     vertex  9.826580e-02 -1.060457e+00  9.600000e+00
   endloop
 endfacet
 facet normal  0.000000e+00  0.000000e+00  1.000000e+00
   outer loop
     vertex -1.002670e+00  2.944105e-01  9.600000e+00
     vertex -1.046866e+00  1.956932e-01  9.600000e+00
     vertex -1.040268e+00  9.933357e-02  9.600000e+00
   endloop
 endfacet
 facet normal  0.000000e+00  0.000000e+00  1.000000e+00
   outer loop
     vertex -9.930829e-01  3.847224e-01  9.600000e+00
     vertex -1.046866e+00  1.956932e-01  9.600000e+00
     vertex -1.002670e+00  2.944105e-01  9.600000e+00
   endloop
 endfacet
 facet normal  0.000000e+00  0.000000e+00  1.000000e+00
   outer loop
     vertex  4.341087e-01 -9.505654e-01  9.600000e+00
     vertex  2.463681e-01 -1.015543e+00  9.600000e+00
     vertex  2.914511e-01 -1.024344e+00  9.600000e+00
   endloop
 endfacet
 facet normal  0.000000e+00  0.000000e+00  1.000000e+00
   outer loop
     vertex  4.747113e-01 -9.533489e-01  9.600000e+00
     vertex  4.341087e-01 -9.505654e-01  9.600000e+00
     vertex  2.914511e-01 -1.024344e+00  9.600000e+00
   endloop
 endfacet
 facet normal  0.000000e+00  0.000000e+00  1.000000e+00
   outer loop
     vertex -9.288330e-01  4.788467e-01  9.600000e+00
     vertex -9.930829e-01  3.847224e-01  9.600000e+00
     vertex -1.002670e+00  2.944105e-01  9.600000e+00
   endloop
 endfacet
 facet normal  0.000000e+00  0.000000e+00  1.000000e+00
   outer loop
     vertex -9.054812e-01  5.606503e-01  9.600000e+00
     vertex -9.930829e-01  3.847224e-01  9.600000e+00
     vertex -9.288330e-01  4.788467e-01  9.600000e+00
   endloop
 endfacet
 facet normal  0.000000e+00  0.000000e+00  1.000000e+00
   outer loop
     vertex  6.061595e-01 -8.512319e-01  9.600000e+00
     vertex  4.341087e-01 -9.505654e-01  9.600000e+00
     vertex  4.747113e-01 -9.533489e-01  9.600000e+00
   endloop
 endfacet
 facet normal  0.000000e+00  0.000000e+00  1.000000e+00
   outer loop
     vertex  6.418059e-01 -8.498883e-01  9.600000e+00
     vertex  6.061595e-01 -8.512319e-01  9.600000e+00
     vertex  4.747113e-01 -9.533489e-01  9.600000e+00
   endloop
 endfacet
 facet normal  0.000000e+00  0.000000e+00  1.000000e+00
   outer loop
     vertex -8.214255e-01  6.459761e-01  9.600000e+00
     vertex -9.054812e-01  5.606503e-01  9.600000e+00
     vertex -9.288330e-01  4.788467e-01  9.600000e+00
   endloop
 endfacet
 facet normal  0.000000e+00  0.000000e+00  1.000000e+00
   outer loop
     vertex -7.870445e-01  7.174859e-01  9.600000e+00
     vertex -9.054812e-01  5.606503e-01  9.600000e+00
     vertex -8.214255e-01  6.459761e-01  9.600000e+00
   endloop
 endfacet
 facet normal  0.000000e+00  0.000000e+00  1.000000e+00
   outer loop
     vertex  7.563021e-01 -7.211326e-01  9.600000e+00
     vertex  6.061595e-01 -8.512319e-01  9.600000e+00
     vertex  6.418059e-01 -8.498883e-01  9.600000e+00
   endloop
 endfacet
 facet normal  0.000000e+00  0.000000e+00  1.000000e+00
   outer loop
     vertex  7.870445e-01 -7.174859e-01  9.600000e+00
     vertex  7.563021e-01 -7.211326e-01  9.600000e+00
     vertex  6.418059e-01 -8.498883e-01  9.600000e+00
   endloop
 endfacet
 facet normal  0.000000e+00  0.000000e+00  1.000000e+00
   outer loop
     vertex -6.843295e-01  7.897583e-01  9.600000e+00
     vertex -7.870445e-01  7.174859e-01  9.600000e+00
     vertex -8.214255e-01  6.459761e-01  9.600000e+00
   endloop
 endfacet
 facet normal  0.000000e+00  0.000000e+00  1.000000e+00
   outer loop
     vertex -6.418059e-01  8.498883e-01  9.600000e+00
     vertex -7.870445e-01  7.174859e-01  9.600000e+00
     vertex -6.843295e-01  7.897583e-01  9.600000e+00
   endloop
 endfacet
 facet normal  0.000000e+00  0.000000e+00  1.000000e+00
   outer loop
     vertex  8.791099e-01 -5.649697e-01  9.600000e+00
     vertex  7.563021e-01 -7.211326e-01  9.600000e+00
     vertex  7.870445e-01 -7.174859e-01  9.600000e+00
   endloop
 endfacet
 facet normal  0.000000e+00  0.000000e+00  1.000000e+00
   outer loop
     vertex  9.054812e-01 -5.606503e-01  9.600000e+00
     vertex  8.791099e-01 -5.649697e-01  9.600000e+00
     vertex  7.870445e-01 -7.174859e-01  9.600000e+00
   endloop
 endfacet
 facet normal  0.000000e+00  0.000000e+00  1.000000e+00
   outer loop
     vertex -5.225000e-01  9.049965e-01  9.600000e+00
     vertex -6.418059e-01  8.498883e-01  9.600000e+00
     vertex -6.843295e-01  7.897583e-01  9.600000e+00
   endloop
 endfacet
 facet normal  0.000000e+00  0.000000e+00  1.000000e+00
   outer loop
     vertex -4.747113e-01  9.533489e-01  9.600000e+00
     vertex -6.418059e-01  8.498883e-01  9.600000e+00
     vertex -5.225000e-01  9.049965e-01  9.600000e+00
   endloop
 endfacet
 facet normal  0.000000e+00  0.000000e+00  1.000000e+00
   outer loop
     vertex  9.701445e-01 -3.883873e-01  9.600000e+00
     vertex  8.791099e-01 -5.649697e-01  9.600000e+00
     vertex  9.054812e-01 -5.606503e-01  9.600000e+00
   endloop
 endfacet
 facet normal  0.000000e+00  0.000000e+00  1.000000e+00
   outer loop
     vertex  9.930829e-01 -3.847224e-01  9.600000e+00
     vertex  9.701445e-01 -3.883873e-01  9.600000e+00
     vertex  9.054812e-01 -5.606503e-01  9.600000e+00
   endloop
 endfacet
 facet normal  0.000000e+00  0.000000e+00  1.000000e+00
   outer loop
     vertex -3.417860e-01  9.875259e-01  9.600000e+00
     vertex -4.747113e-01  9.533489e-01  9.600000e+00
     vertex -5.225000e-01  9.049965e-01  9.600000e+00
   endloop
 endfacet
 facet normal  0.000000e+00  0.000000e+00  1.000000e+00
   outer loop
     vertex -2.914511e-01  1.024344e+00  9.600000e+00
     vertex -4.747113e-01  9.533489e-01  9.600000e+00
     vertex -3.417860e-01  9.875259e-01  9.600000e+00
   endloop
 endfacet
 facet normal  0.000000e+00  0.000000e+00  1.000000e+00
   outer loop
     vertex  1.026115e+00 -1.977676e-01  9.600000e+00
     vertex  9.701445e-01 -3.883873e-01  9.600000e+00
     vertex  9.930829e-01 -3.847224e-01  9.600000e+00
   endloop
 endfacet
 facet normal  0.000000e+00  0.000000e+00  1.000000e+00
   outer loop
     vertex  1.046866e+00 -1.956932e-01  9.600000e+00
     vertex  1.026115e+00 -1.977676e-01  9.600000e+00
     vertex  9.930829e-01 -3.847224e-01  9.600000e+00
   endloop
 endfacet
 facet normal  0.000000e+00  0.000000e+00  1.000000e+00
   outer loop
     vertex -1.487190e-01  1.034363e+00  9.600000e+00
     vertex -2.914511e-01  1.024344e+00  9.600000e+00
     vertex -3.417860e-01  9.875259e-01  9.600000e+00
   endloop
 endfacet
 facet normal  0.000000e+00  0.000000e+00  1.000000e+00
   outer loop
     vertex -9.826580e-02  1.060457e+00  9.600000e+00
     vertex -2.914511e-01  1.024344e+00  9.600000e+00
     vertex -1.487190e-01  1.034363e+00  9.600000e+00
   endloop
 endfacet
 facet normal  0.000000e+00  0.000000e+00  1.000000e+00
   outer loop
     vertex  1.045000e+00 -2.559512e-16  9.600000e+00
     vertex  1.026115e+00 -1.977676e-01  9.600000e+00
     vertex  1.046866e+00 -1.956932e-01  9.600000e+00
   endloop
 endfacet
 facet normal  0.000000e+00  0.000000e+00  1.000000e+00
   outer loop
     vertex  1.065000e+00 -2.608498e-16  9.600000e+00
     vertex  1.045000e+00 -2.559512e-16  9.600000e+00
     vertex  1.046866e+00 -1.956932e-01  9.600000e+00
   endloop
 endfacet
 facet normal  0.000000e+00  0.000000e+00  1.000000e+00
   outer loop
     vertex  4.972310e-02  1.043816e+00  9.600000e+00
     vertex -9.826580e-02  1.060457e+00  9.600000e+00
     vertex -1.487190e-01  1.034363e+00  9.600000e+00
   endloop
 endfacet
 facet normal  0.000000e+00  0.000000e+00  1.000000e+00
   outer loop
     vertex  9.826580e-02  1.060457e+00  9.600000e+00
     vertex -9.826580e-02  1.060457e+00  9.600000e+00
     vertex  4.972310e-02  1.043816e+00  9.600000e+00
   endloop
 endfacet
 facet normal  0.000000e+00  0.000000e+00  1.000000e+00
   outer loop
     vertex  1.046866e+00  1.956932e-01  9.600000e+00
     vertex  1.026115e+00  1.977676e-01  9.600000e+00
     vertex  1.045000e+00 -2.559512e-16  9.600000e+00
   endloop
 endfacet
 facet normal  0.000000e+00  0.000000e+00  1.000000e+00
   outer loop
     vertex  1.046866e+00  1.956932e-01  9.600000e+00
     vertex  1.045000e+00 -2.559512e-16  9.600000e+00
     vertex  1.065000e+00 -2.608498e-16  9.600000e+00
   endloop
 endfacet
 facet normal  0.000000e+00  0.000000e+00  1.000000e+00
   outer loop
     vertex  2.463681e-01  1.015543e+00  9.600000e+00
     vertex  9.826580e-02  1.060457e+00  9.600000e+00
     vertex  4.972310e-02  1.043816e+00  9.600000e+00
   endloop
 endfacet
 facet normal  0.000000e+00  0.000000e+00  1.000000e+00
   outer loop
     vertex  2.914511e-01  1.024344e+00  9.600000e+00
     vertex  9.826580e-02  1.060457e+00  9.600000e+00
     vertex  2.463681e-01  1.015543e+00  9.600000e+00
   endloop
 endfacet
 facet normal  0.000000e+00  0.000000e+00  1.000000e+00
   outer loop
     vertex  9.930829e-01  3.847224e-01  9.600000e+00
     vertex  9.701445e-01  3.883873e-01  9.600000e+00
     vertex  1.026115e+00  1.977676e-01  9.600000e+00
   endloop
 endfacet
 facet normal  0.000000e+00  0.000000e+00  1.000000e+00
   outer loop
     vertex  9.930829e-01  3.847224e-01  9.600000e+00
     vertex  1.026115e+00  1.977676e-01  9.600000e+00
     vertex  1.046866e+00  1.956932e-01  9.600000e+00
   endloop
 endfacet
 facet normal  0.000000e+00  0.000000e+00  1.000000e+00
   outer loop
     vertex  4.341087e-01  9.505654e-01  9.600000e+00
     vertex  2.914511e-01  1.024344e+00  9.600000e+00
     vertex  2.463681e-01  1.015543e+00  9.600000e+00
   endloop
 endfacet
 facet normal  0.000000e+00  0.000000e+00  1.000000e+00
   outer loop
     vertex  4.747113e-01  9.533489e-01  9.600000e+00
     vertex  2.914511e-01  1.024344e+00  9.600000e+00
     vertex  4.341087e-01  9.505654e-01  9.600000e+00
   endloop
 endfacet
 facet normal  0.000000e+00  0.000000e+00  1.000000e+00
   outer loop
     vertex  6.061595e-01  8.512319e-01  9.600000e+00
     vertex  4.747113e-01  9.533489e-01  9.600000e+00
     vertex  4.341087e-01  9.505654e-01  9.600000e+00
   endloop
 endfacet
 facet normal  0.000000e+00  0.000000e+00  1.000000e+00
   outer loop
     vertex  9.054812e-01  5.606503e-01  9.600000e+00
     vertex  8.791099e-01  5.649697e-01  9.600000e+00
     vertex  9.701445e-01  3.883873e-01  9.600000e+00
   endloop
 endfacet
 facet normal  0.000000e+00  0.000000e+00  1.000000e+00
   outer loop
     vertex  9.054812e-01  5.606503e-01  9.600000e+00
     vertex  9.701445e-01  3.883873e-01  9.600000e+00
     vertex  9.930829e-01  3.847224e-01  9.600000e+00
   endloop
 endfacet
 facet normal  0.000000e+00  0.000000e+00  1.000000e+00
   outer loop
     vertex  6.418059e-01  8.498883e-01  9.600000e+00
     vertex  6.061595e-01  8.512319e-01  9.600000e+00
     vertex  7.563021e-01  7.211326e-01  9.600000e+00
   endloop
 endfacet
 facet normal  0.000000e+00  0.000000e+00  1.000000e+00
   outer loop
     vertex  6.418059e-01  8.498883e-01  9.600000e+00
     vertex  4.747113e-01  9.533489e-01  9.600000e+00
     vertex  6.061595e-01  8.512319e-01  9.600000e+00
   endloop
 endfacet
 facet normal  0.000000e+00  0.000000e+00  1.000000e+00
   outer loop
     vertex  7.870445e-01  7.174859e-01  9.600000e+00
     vertex  6.418059e-01  8.498883e-01  9.600000e+00
     vertex  7.563021e-01  7.211326e-01  9.600000e+00
   endloop
 endfacet
 facet normal  0.000000e+00  0.000000e+00  1.000000e+00
   outer loop
     vertex  7.870445e-01  7.174859e-01  9.600000e+00
     vertex  7.563021e-01  7.211326e-01  9.600000e+00
     vertex  8.791099e-01  5.649697e-01  9.600000e+00
   endloop
 endfacet
 facet normal  0.000000e+00  0.000000e+00  1.000000e+00
   outer loop
     vertex  7.870445e-01  7.174859e-01  9.600000e+00
     vertex  8.791099e-01  5.649697e-01  9.600000e+00
     vertex  9.054812e-01  5.606503e-01  9.600000e+00
   endloop
 endfacet
 facet normal  9.957342e-01  9.226836e-02  0.000000e+00
   outer loop
     vertex  1.046866e+00  1.956932e-01  0.000000e+00
     vertex  1.065000e+00 -2.608498e-16  0.000000e+00
     vertex  1.065000e+00 -2.608498e-16 -2.000000e-02
   endloop
 endfacet
 facet normal  9.957342e-01  9.226836e-02  0.000000e+00
   outer loop
     vertex  1.046866e+00  1.956932e-01  0.000000e+00
     vertex  1.065000e+00 -2.608498e-16 -2.000000e-02
     vertex  1.046866e+00  1.956932e-01 -2.000000e-02
   endloop
 endfacet
 facet normal  9.618256e-01  2.736630e-01  0.000000e+00
   outer loop
     vertex  9.930829e-01  3.847224e-01  0.000000e+00
     vertex  1.046866e+00  1.956932e-01 -2.000000e-02
     vertex  9.930829e-01  3.847224e-01 -2.000000e-02
   endloop
 endfacet
 facet normal  9.618256e-01  2.736630e-01  0.000000e+00
   outer loop
     vertex  9.930829e-01  3.847224e-01  0.000000e+00
     vertex  1.046866e+00  1.956932e-01  0.000000e+00
     vertex  1.046866e+00  1.956932e-01 -2.000000e-02
   endloop
 endfacet
 facet normal  8.951633e-01  4.457384e-01  0.000000e+00
   outer loop
     vertex  9.054812e-01  5.606503e-01  0.000000e+00
     vertex  9.930829e-01  3.847224e-01 -2.000000e-02
     vertex  9.054812e-01  5.606503e-01 -2.000000e-02
   endloop
 endfacet
 facet normal  8.951633e-01  4.457384e-01  0.000000e+00
   outer loop
     vertex  9.054812e-01  5.606503e-01  0.000000e+00
     vertex  9.930829e-01  3.847224e-01  0.000000e+00
     vertex  9.930829e-01  3.847224e-01 -2.000000e-02
   endloop
 endfacet
 facet normal  7.980172e-01  6.026346e-01  0.000000e+00
   outer loop
     vertex  7.870445e-01  7.174859e-01  0.000000e+00
     vertex  9.054812e-01  5.606503e-01 -2.000000e-02
     vertex  7.870445e-01  7.174859e-01 -2.000000e-02
   endloop
 endfacet
 facet normal  7.980172e-01  6.026346e-01  0.000000e+00
   outer loop
     vertex  7.870445e-01  7.174859e-01  0.000000e+00
     vertex  9.054812e-01  5.606503e-01  0.000000e+00
     vertex  9.054812e-01  5.606503e-01 -2.000000e-02
   endloop
 endfacet
 facet normal  6.736956e-01  7.390089e-01  0.000000e+00
   outer loop
     vertex  6.418059e-01  8.498883e-01  0.000000e+00
     vertex  7.870445e-01  7.174859e-01 -2.000000e-02
     vertex  6.418059e-01  8.498883e-01 -2.000000e-02
   endloop
 endfacet
 facet normal  6.736956e-01  7.390089e-01  0.000000e+00
   outer loop
     vertex  6.418059e-01  8.498883e-01  0.000000e+00
     vertex  7.870445e-01  7.174859e-01  0.000000e+00
     vertex  7.870445e-01  7.174859e-01 -2.000000e-02
   endloop
 endfacet
 facet normal  5.264322e-01  8.502171e-01  0.000000e+00
   outer loop
     vertex  4.747113e-01  9.533489e-01  0.000000e+00
     vertex  6.418059e-01  8.498883e-01 -2.000000e-02
     vertex  4.747113e-01  9.533489e-01 -2.000000e-02
   endloop
 endfacet
 facet normal  5.264322e-01  8.502171e-01  0.000000e+00
   outer loop
     vertex  4.747113e-01  9.533489e-01  0.000000e+00
     vertex  6.418059e-01  8.498883e-01  0.000000e+00
     vertex  6.418059e-01  8.498883e-01 -2.000000e-02
   endloop
 endfacet
 facet normal  3.612417e-01  9.324722e-01  0.000000e+00
   outer loop
     vertex  2.914511e-01  1.024344e+00  0.000000e+00
     vertex  4.747113e-01  9.533489e-01  0.000000e+00
     vertex  4.747113e-01  9.533489e-01 -2.000000e-02
   endloop
 endfacet
 facet normal  3.612417e-01  9.324722e-01  0.000000e+00
   outer loop
     vertex  2.914511e-01  1.024344e+00  0.000000e+00
     vertex  4.747113e-01  9.533489e-01 -2.000000e-02
     vertex  2.914511e-01  1.024344e+00 -2.000000e-02
   endloop
 endfacet
 facet normal  1.837495e-01  9.829731e-01  0.000000e+00
   outer loop
     vertex  9.826580e-02  1.060457e+00  0.000000e+00
     vertex  2.914511e-01  1.024344e+00  0.000000e+00
     vertex  2.914511e-01  1.024344e+00 -2.000000e-02
   endloop
 endfacet
 facet normal  1.837495e-01  9.829731e-01  0.000000e+00
   outer loop
     vertex  9.826580e-02  1.060457e+00  0.000000e+00
     vertex  2.914511e-01  1.024344e+00 -2.000000e-02
     vertex  9.826580e-02  1.060457e+00 -2.000000e-02
   endloop
 endfacet
 facet normal -0.000000e+00  1.000000e+00  0.000000e+00
   outer loop
     vertex -9.826580e-02  1.060457e+00  0.000000e+00
     vertex  9.826580e-02  1.060457e+00  0.000000e+00
     vertex  9.826580e-02  1.060457e+00 -2.000000e-02
   endloop
 endfacet
 facet normal  0.000000e+00  1.000000e+00  0.000000e+00
   outer loop
     vertex -9.826580e-02  1.060457e+00  0.000000e+00
     vertex  9.826580e-02  1.060457e+00 -2.000000e-02
     vertex -9.826580e-02  1.060457e+00 -2.000000e-02
   endloop
 endfacet
 facet normal -1.837495e-01  9.829731e-01  0.000000e+00
   outer loop
     vertex -2.914511e-01  1.024344e+00  0.000000e+00
     vertex -9.826580e-02  1.060457e+00  0.000000e+00
     vertex -9.826580e-02  1.060457e+00 -2.000000e-02
   endloop
 endfacet
 facet normal -1.837495e-01  9.829731e-01  0.000000e+00
   outer loop
     vertex -2.914511e-01  1.024344e+00  0.000000e+00
     vertex -9.826580e-02  1.060457e+00 -2.000000e-02
     vertex -2.914511e-01  1.024344e+00 -2.000000e-02
   endloop
 endfacet
 facet normal -3.612417e-01  9.324722e-01  0.000000e+00
   outer loop
     vertex -4.747113e-01  9.533489e-01  0.000000e+00
     vertex -2.914511e-01  1.024344e+00  0.000000e+00
     vertex -2.914511e-01  1.024344e+00 -2.000000e-02
   endloop
 endfacet
 facet normal -3.612417e-01  9.324722e-01  0.000000e+00
   outer loop
     vertex -4.747113e-01  9.533489e-01  0.000000e+00
     vertex -2.914511e-01  1.024344e+00 -2.000000e-02
     vertex -4.747113e-01  9.533489e-01 -2.000000e-02
   endloop
 endfacet
 facet normal -5.264322e-01  8.502171e-01  0.000000e+00
   outer loop
     vertex -6.418059e-01  8.498883e-01  0.000000e+00
     vertex -4.747113e-01  9.533489e-01  0.000000e+00
     vertex -4.747113e-01  9.533489e-01 -2.000000e-02
   endloop
 endfacet
 facet normal -5.264322e-01  8.502171e-01  0.000000e+00
   outer loop
     vertex -6.418059e-01  8.498883e-01  0.000000e+00
     vertex -4.747113e-01  9.533489e-01 -2.000000e-02
     vertex -6.418059e-01  8.498883e-01 -2.000000e-02
   endloop
 endfacet
 facet normal -6.736956e-01  7.390089e-01  0.000000e+00
   outer loop
     vertex -7.870445e-01  7.174859e-01  0.000000e+00
     vertex -6.418059e-01  8.498883e-01  0.000000e+00
     vertex -6.418059e-01  8.498883e-01 -2.000000e-02
   endloop
 endfacet
 facet normal -6.736956e-01  7.390089e-01  0.000000e+00
   outer loop
     vertex -7.870445e-01  7.174859e-01  0.000000e+00
     vertex -6.418059e-01  8.498883e-01 -2.000000e-02
     vertex -7.870445e-01  7.174859e-01 -2.000000e-02
   endloop
 endfacet
 facet normal -7.980172e-01  6.026346e-01  0.000000e+00
   outer loop
     vertex -9.054812e-01  5.606503e-01  0.000000e+00
     vertex -7.870445e-01  7.174859e-01  0.000000e+00
     vertex -7.870445e-01  7.174859e-01 -2.000000e-02
   endloop
 endfacet
 facet normal -7.980172e-01  6.026346e-01  0.000000e+00
   outer loop
     vertex -9.054812e-01  5.606503e-01  0.000000e+00
     vertex -7.870445e-01  7.174859e-01 -2.000000e-02
     vertex -9.054812e-01  5.606503e-01 -2.000000e-02
   endloop
 endfacet
 facet normal -8.951633e-01  4.457384e-01  0.000000e+00
   outer loop
     vertex -9.930829e-01  3.847224e-01  0.000000e+00
     vertex -9.054812e-01  5.606503e-01  0.000000e+00
     vertex -9.054812e-01  5.606503e-01 -2.000000e-02
   endloop
 endfacet
 facet normal -8.951633e-01  4.457384e-01  0.000000e+00
   outer loop
     vertex -9.930829e-01  3.847224e-01  0.000000e+00
     vertex -9.054812e-01  5.606503e-01 -2.000000e-02
     vertex -9.930829e-01  3.847224e-01 -2.000000e-02
   endloop
 endfacet
 facet normal -9.618256e-01  2.736630e-01  0.000000e+00
   outer loop
     vertex -1.046866e+00  1.956932e-01  0.000000e+00
     vertex -9.930829e-01  3.847224e-01  0.000000e+00
     vertex -9.930829e-01  3.847224e-01 -2.000000e-02
   endloop
 endfacet
 facet normal -9.618256e-01  2.736630e-01  0.000000e+00
   outer loop
     vertex -1.046866e+00  1.956932e-01  0.000000e+00
     vertex -9.930829e-01  3.847224e-01 -2.000000e-02
     vertex -1.046866e+00  1.956932e-01 -2.000000e-02
   endloop
 endfacet
 facet normal -9.957342e-01  9.226836e-02  0.000000e+00
   outer loop
     vertex -1.065000e+00  1.076335e-15  0.000000e+00
     vertex -1.046866e+00  1.956932e-01  0.000000e+00
     vertex -1.046866e+00  1.956932e-01 -2.000000e-02
   endloop
 endfacet
 facet normal -9.957342e-01  9.226836e-02  0.000000e+00
   outer loop
     vertex -1.065000e+00  1.076335e-15  0.000000e+00
     vertex -1.046866e+00  1.956932e-01 -2.000000e-02
     vertex -1.065000e+00  1.076335e-15 -2.000000e-02
   endloop
 endfacet
 facet normal -9.957342e-01 -9.226836e-02  0.000000e+00
   outer loop
     vertex -1.046866e+00 -1.956932e-01  0.000000e+00
     vertex -1.065000e+00  1.076335e-15  0.000000e+00
     vertex -1.065000e+00  1.076335e-15 -2.000000e-02
   endloop
 endfacet
 facet normal -9.957342e-01 -9.226836e-02 -0.000000e+00
   outer loop
     vertex -1.046866e+00 -1.956932e-01  0.000000e+00
     vertex -1.065000e+00  1.076335e-15 -2.000000e-02
     vertex -1.046866e+00 -1.956932e-01 -2.000000e-02
   endloop
 endfacet
 facet normal -9.618256e-01 -2.736630e-01  0.000000e+00
   outer loop
     vertex -9.930829e-01 -3.847224e-01  0.000000e+00
     vertex -1.046866e+00 -1.956932e-01  0.000000e+00
     vertex -1.046866e+00 -1.956932e-01 -2.000000e-02
   endloop
 endfacet
 facet normal -9.618256e-01 -2.736630e-01 -0.000000e+00
   outer loop
     vertex -9.930829e-01 -3.847224e-01  0.000000e+00
     vertex -1.046866e+00 -1.956932e-01 -2.000000e-02
     vertex -9.930829e-01 -3.847224e-01 -2.000000e-02
   endloop
 endfacet
 facet normal -8.951633e-01 -4.457384e-01 -0.000000e+00
   outer loop
     vertex -9.054812e-01 -5.606503e-01  0.000000e+00
     vertex -9.930829e-01 -3.847224e-01 -2.000000e-02
     vertex -9.054812e-01 -5.606503e-01 -2.000000e-02
   endloop
 endfacet
 facet normal -8.951633e-01 -4.457384e-01  0.000000e+00
   outer loop
     vertex -9.054812e-01 -5.606503e-01  0.000000e+00
     vertex -9.930829e-01 -3.847224e-01  0.000000e+00
     vertex -9.930829e-01 -3.847224e-01 -2.000000e-02
   endloop
 endfacet
 facet normal -7.980172e-01 -6.026346e-01  0.000000e+00
   outer loop
     vertex -7.870445e-01 -7.174859e-01  0.000000e+00
     vertex -9.054812e-01 -5.606503e-01  0.000000e+00
     vertex -9.054812e-01 -5.606503e-01 -2.000000e-02
   endloop
 endfacet
 facet normal -7.980172e-01 -6.026346e-01 -0.000000e+00
   outer loop
     vertex -7.870445e-01 -7.174859e-01  0.000000e+00
     vertex -9.054812e-01 -5.606503e-01 -2.000000e-02
     vertex -7.870445e-01 -7.174859e-01 -2.000000e-02
   endloop
 endfacet
 facet normal -6.736956e-01 -7.390089e-01 -0.000000e+00
   outer loop
     vertex -6.418059e-01 -8.498883e-01  0.000000e+00
     vertex -7.870445e-01 -7.174859e-01 -2.000000e-02
     vertex -6.418059e-01 -8.498883e-01 -2.000000e-02
   endloop
 endfacet
 facet normal -6.736956e-01 -7.390089e-01  0.000000e+00
   outer loop
     vertex -6.418059e-01 -8.498883e-01  0.000000e+00
     vertex -7.870445e-01 -7.174859e-01  0.000000e+00
     vertex -7.870445e-01 -7.174859e-01 -2.000000e-02
   endloop
 endfacet
 facet normal -5.264322e-01 -8.502171e-01 -0.000000e+00
   outer loop
     vertex -4.747113e-01 -9.533489e-01  0.000000e+00
     vertex -6.418059e-01 -8.498883e-01 -2.000000e-02
     vertex -4.747113e-01 -9.533489e-01 -2.000000e-02
   endloop
 endfacet
 facet normal -5.264322e-01 -8.502171e-01  0.000000e+00
   outer loop
     vertex -4.747113e-01 -9.533489e-01  0.000000e+00
     vertex -6.418059e-01 -8.498883e-01  0.000000e+00
     vertex -6.418059e-01 -8.498883e-01 -2.000000e-02
   endloop
 endfacet
 facet normal -3.612417e-01 -9.324722e-01 -0.000000e+00
   outer loop
     vertex -2.914511e-01 -1.024344e+00  0.000000e+00
     vertex -4.747113e-01 -9.533489e-01 -2.000000e-02
     vertex -2.914511e-01 -1.024344e+00 -2.000000e-02
   endloop
 endfacet
 facet normal -3.612417e-01 -9.324722e-01  0.000000e+00
   outer loop
     vertex -2.914511e-01 -1.024344e+00  0.000000e+00
     vertex -4.747113e-01 -9.533489e-01  0.000000e+00
     vertex -4.747113e-01 -9.533489e-01 -2.000000e-02
   endloop
 endfacet
 facet normal -1.837495e-01 -9.829731e-01 -0.000000e+00
   outer loop
     vertex -9.826580e-02 -1.060457e+00  0.000000e+00
     vertex -2.914511e-01 -1.024344e+00 -2.000000e-02
     vertex -9.826580e-02 -1.060457e+00 -2.000000e-02
   endloop
 endfacet
 facet normal -1.837495e-01 -9.829731e-01  0.000000e+00
   outer loop
     vertex -9.826580e-02 -1.060457e+00  0.000000e+00
     vertex -2.914511e-01 -1.024344e+00  0.000000e+00
     vertex -2.914511e-01 -1.024344e+00 -2.000000e-02
   endloop
 endfacet
 facet normal  0.000000e+00 -1.000000e+00 -0.000000e+00
   outer loop
     vertex  9.826580e-02 -1.060457e+00  0.000000e+00
     vertex -9.826580e-02 -1.060457e+00 -2.000000e-02
     vertex  9.826580e-02 -1.060457e+00 -2.000000e-02
   endloop
 endfacet
 facet normal -0.000000e+00 -1.000000e+00  0.000000e+00
   outer loop
     vertex  9.826580e-02 -1.060457e+00  0.000000e+00
     vertex -9.826580e-02 -1.060457e+00  0.000000e+00
     vertex -9.826580e-02 -1.060457e+00 -2.000000e-02
   endloop
 endfacet
 facet normal  1.837495e-01 -9.829731e-01  0.000000e+00
   outer loop
     vertex  2.914511e-01 -1.024344e+00  0.000000e+00
     vertex  9.826580e-02 -1.060457e+00 -2.000000e-02
     vertex  2.914511e-01 -1.024344e+00 -2.000000e-02
   endloop
 endfacet
 facet normal  1.837495e-01 -9.829731e-01  0.000000e+00
   outer loop
     vertex  2.914511e-01 -1.024344e+00  0.000000e+00
     vertex  9.826580e-02 -1.060457e+00  0.000000e+00
     vertex  9.826580e-02 -1.060457e+00 -2.000000e-02
   endloop
 endfacet
 facet normal  3.612417e-01 -9.324722e-01  0.000000e+00
   outer loop
     vertex  4.747113e-01 -9.533489e-01  0.000000e+00
     vertex  2.914511e-01 -1.024344e+00 -2.000000e-02
     vertex  4.747113e-01 -9.533489e-01 -2.000000e-02
   endloop
 endfacet
 facet normal  3.612417e-01 -9.324722e-01  0.000000e+00
   outer loop
     vertex  4.747113e-01 -9.533489e-01  0.000000e+00
     vertex  2.914511e-01 -1.024344e+00  0.000000e+00
     vertex  2.914511e-01 -1.024344e+00 -2.000000e-02
   endloop
 endfacet
 facet normal  5.264322e-01 -8.502171e-01  0.000000e+00
   outer loop
     vertex  6.418059e-01 -8.498883e-01  0.000000e+00
     vertex  4.747113e-01 -9.533489e-01 -2.000000e-02
     vertex  6.418059e-01 -8.498883e-01 -2.000000e-02
   endloop
 endfacet
 facet normal  5.264322e-01 -8.502171e-01  0.000000e+00
   outer loop
     vertex  6.418059e-01 -8.498883e-01  0.000000e+00
     vertex  4.747113e-01 -9.533489e-01  0.000000e+00
     vertex  4.747113e-01 -9.533489e-01 -2.000000e-02
   endloop
 endfacet
 facet normal  6.736956e-01 -7.390089e-01  0.000000e+00
   outer loop
     vertex  7.870445e-01 -7.174859e-01  0.000000e+00
     vertex  6.418059e-01 -8.498883e-01 -2.000000e-02
     vertex  7.870445e-01 -7.174859e-01 -2.000000e-02
   endloop
 endfacet
 facet normal  6.736956e-01 -7.390089e-01  0.000000e+00
   outer loop
     vertex  7.870445e-01 -7.174859e-01  0.000000e+00
     vertex  6.418059e-01 -8.498883e-01  0.000000e+00
     vertex  6.418059e-01 -8.498883e-01 -2.000000e-02
   endloop
 endfacet
 facet normal  7.980172e-01 -6.026346e-01  0.000000e+00
   outer loop
     vertex  9.054812e-01 -5.606503e-01  0.000000e+00
     vertex  7.870445e-01 -7.174859e-01 -2.000000e-02
     vertex  9.054812e-01 -5.606503e-01 -2.000000e-02
   endloop
 endfacet
 facet normal  7.980172e-01 -6.026346e-01  0.000000e+00
   outer loop
     vertex  9.054812e-01 -5.606503e-01  0.000000e+00
     vertex  7.870445e-01 -7.174859e-01  0.000000e+00
     vertex  7.870445e-01 -7.174859e-01 -2.000000e-02
   endloop
 endfacet
 facet normal  8.951633e-01 -4.457384e-01  0.000000e+00
   outer loop
     vertex  9.930829e-01 -3.847224e-01  0.000000e+00
     vertex  9.054812e-01 -5.606503e-01 -2.000000e-02
     vertex  9.930829e-01 -3.847224e-01 -2.000000e-02
   endloop
 endfacet
 facet normal  8.951633e-01 -4.457384e-01  0.000000e+00
   outer loop
     vertex  9.930829e-01 -3.847224e-01  0.000000e+00
     vertex  9.054812e-01 -5.606503e-01  0.000000e+00
     vertex  9.054812e-01 -5.606503e-01 -2.000000e-02
   endloop
 endfacet
 facet normal  9.618256e-01 -2.736630e-01  0.000000e+00
   outer loop
     vertex  1.046866e+00 -1.956932e-01  0.000000e+00
     vertex  9.930829e-01 -3.847224e-01  0.000000e+00
     vertex  9.930829e-01 -3.847224e-01 -2.000000e-02
   endloop
 endfacet
 facet normal  9.618256e-01 -2.736630e-01  0.000000e+00
   outer loop
     vertex  1.046866e+00 -1.956932e-01  0.000000e+00
     vertex  9.930829e-01 -3.847224e-01 -2.000000e-02
     vertex  1.046866e+00 -1.956932e-01 -2.000000e-02
   endloop
 endfacet
 facet normal  9.957342e-01 -9.226836e-02  0.000000e+00
   outer loop
     vertex  1.065000e+00 -2.608498e-16  0.000000e+00
     vertex  1.046866e+00 -1.956932e-01  0.000000e+00
     vertex  1.046866e+00 -1.956932e-01 -2.000000e-02
   endloop
 endfacet
 facet normal  9.957342e-01 -9.226836e-02  0.000000e+00
   outer loop
     vertex  1.065000e+00 -2.608498e-16  0.000000e+00
     vertex  1.046866e+00 -1.956932e-01 -2.000000e-02
     vertex  1.065000e+00 -2.608498e-16 -2.000000e-02
   endloop
 endfacet
 facet normal -9.954719e-01 -9.505604e-02  0.000000e+00
   outer loop
     vertex  1.026115e+00  1.977676e-01  9.600000e+00
     vertex  1.045000e+00 -2.559512e-16  0.000000e+00
     vertex  1.045000e+00 -2.559512e-16  9.600000e+00
   endloop
 endfacet
 facet normal -9.954719e-01 -9.505604e-02 -0.000000e+00
   outer loop
     vertex  1.026115e+00  1.977676e-01  9.600000e+00
     vertex  1.026115e+00  1.977676e-01  0.000000e+00
     vertex  1.045000e+00 -2.559512e-16  0.000000e+00
   endloop
 endfacet
 facet normal -9.594930e-01 -2.817326e-01 -0.000000e+00
   outer loop
     vertex  9.701445e-01  3.883873e-01  9.600000e+00
     vertex  9.701445e-01  3.883873e-01  0.000000e+00
     vertex  1.026115e+00  1.977676e-01  0.000000e+00
   endloop
 endfacet
 facet normal -9.594930e-01 -2.817326e-01  0.000000e+00
   outer loop
     vertex  9.701445e-01  3.883873e-01  9.600000e+00
     vertex  1.026115e+00  1.977676e-01  0.000000e+00
     vertex  1.026115e+00  1.977676e-01  9.600000e+00
   endloop
 endfacet
 facet normal -8.888354e-01 -4.582265e-01 -0.000000e+00
   outer loop
     vertex  8.791099e-01  5.649697e-01  9.600000e+00
     vertex  8.791099e-01  5.649697e-01  0.000000e+00
     vertex  9.701445e-01  3.883873e-01  0.000000e+00
   endloop
 endfacet
 facet normal -7.860531e-01 -6.181590e-01 -0.000000e+00
   outer loop
     vertex  8.791099e-01  5.649697e-01  9.600000e+00
     vertex  7.563021e-01  7.211326e-01  0.000000e+00
     vertex  8.791099e-01  5.649697e-01  0.000000e+00
   endloop
 endfacet
 facet normal -8.888354e-01 -4.582265e-01  0.000000e+00
   outer loop
     vertex  8.791099e-01  5.649697e-01  9.600000e+00
     vertex  9.701445e-01  3.883873e-01  0.000000e+00
     vertex  9.701445e-01  3.883873e-01  9.600000e+00
   endloop
 endfacet
 facet normal -7.860531e-01 -6.181590e-01 -0.000000e+00
   outer loop
     vertex  7.563021e-01  7.211326e-01  9.600000e+00
     vertex  7.563021e-01  7.211326e-01  0.000000e+00
     vertex  8.791099e-01  5.649697e-01  9.600000e+00
   endloop
 endfacet
 facet normal -6.548607e-01 -7.557496e-01 -0.000000e+00
   outer loop
     vertex  6.061595e-01  8.512319e-01  9.600000e+00
     vertex  6.061595e-01  8.512319e-01  0.000000e+00
     vertex  7.563021e-01  7.211326e-01  0.000000e+00
   endloop
 endfacet
 facet normal -6.548607e-01 -7.557496e-01  0.000000e+00
   outer loop
     vertex  6.061595e-01  8.512319e-01  9.600000e+00
     vertex  7.563021e-01  7.211326e-01  0.000000e+00
     vertex  7.563021e-01  7.211326e-01  9.600000e+00
   endloop
 endfacet
 facet normal -5.000000e-01 -8.660254e-01 -0.000000e+00
   outer loop
     vertex  4.341087e-01  9.505654e-01  9.600000e+00
     vertex  4.341087e-01  9.505654e-01  0.000000e+00
     vertex  6.061595e-01  8.512319e-01  0.000000e+00
   endloop
 endfacet
 facet normal -5.000000e-01 -8.660254e-01  0.000000e+00
   outer loop
     vertex  4.341087e-01  9.505654e-01  9.600000e+00
     vertex  6.061595e-01  8.512319e-01  0.000000e+00
     vertex  6.061595e-01  8.512319e-01  9.600000e+00
   endloop
 endfacet
 facet normal -3.270680e-01 -9.450008e-01 -0.000000e+00
   outer loop
     vertex  2.463681e-01  1.015543e+00  9.600000e+00
     vertex  2.463681e-01  1.015543e+00  0.000000e+00
     vertex  4.341087e-01  9.505654e-01  0.000000e+00
   endloop
 endfacet
 facet normal -3.270680e-01 -9.450008e-01  0.000000e+00
   outer loop
     vertex  2.463681e-01  1.015543e+00  9.600000e+00
     vertex  4.341087e-01  9.505654e-01  0.000000e+00
     vertex  4.341087e-01  9.505654e-01  9.600000e+00
   endloop
 endfacet
 facet normal -1.423148e-01 -9.898214e-01  0.000000e+00
   outer loop
     vertex  4.972310e-02  1.043816e+00  9.600000e+00
     vertex  2.463681e-01  1.015543e+00  0.000000e+00
     vertex  2.463681e-01  1.015543e+00  9.600000e+00
   endloop
 endfacet
 facet normal -1.423148e-01 -9.898214e-01 -0.000000e+00
   outer loop
     vertex  4.972310e-02  1.043816e+00  9.600000e+00
     vertex  4.972310e-02  1.043816e+00  0.000000e+00
     vertex  2.463681e-01  1.015543e+00  0.000000e+00
   endloop
 endfacet
 facet normal  4.758192e-02 -9.988673e-01  0.000000e+00
   outer loop
     vertex -1.487190e-01  1.034363e+00  9.600000e+00
     vertex  4.972310e-02  1.043816e+00  0.000000e+00
     vertex  4.972310e-02  1.043816e+00  9.600000e+00
   endloop
 endfacet
 facet normal  4.758192e-02 -9.988673e-01  0.000000e+00
   outer loop
     vertex -1.487190e-01  1.034363e+00  9.600000e+00
     vertex -1.487190e-01  1.034363e+00  0.000000e+00
     vertex  4.972310e-02  1.043816e+00  0.000000e+00
   endloop
 endfacet
 facet normal  2.357589e-01 -9.718116e-01  0.000000e+00
   outer loop
     vertex -1.487190e-01  1.034363e+00  9.600000e+00
     vertex -3.417860e-01  9.875259e-01  0.000000e+00
     vertex -1.487190e-01  1.034363e+00  0.000000e+00
   endloop
 endfacet
 facet normal  2.357589e-01 -9.718116e-01  0.000000e+00
   outer loop
     vertex -3.417860e-01  9.875259e-01  9.600000e+00
     vertex -3.417860e-01  9.875259e-01  0.000000e+00
     vertex -1.487190e-01  1.034363e+00  9.600000e+00
   endloop
 endfacet
 facet normal  4.154150e-01 -9.096320e-01  0.000000e+00
   outer loop
     vertex -5.225000e-01  9.049965e-01  9.600000e+00
     vertex -3.417860e-01  9.875259e-01  0.000000e+00
     vertex -3.417860e-01  9.875259e-01  9.600000e+00
   endloop
 endfacet
 facet normal  4.154150e-01 -9.096320e-01  0.000000e+00
   outer loop
     vertex -5.225000e-01  9.049965e-01  9.600000e+00
     vertex -5.225000e-01  9.049965e-01  0.000000e+00
     vertex -3.417860e-01  9.875259e-01  0.000000e+00
   endloop
 endfacet
 facet normal  5.800569e-01 -8.145760e-01  0.000000e+00
   outer loop
     vertex -6.843295e-01  7.897583e-01  9.600000e+00
     vertex -5.225000e-01  9.049965e-01  0.000000e+00
     vertex -5.225000e-01  9.049965e-01  9.600000e+00
   endloop
 endfacet
 facet normal  5.800569e-01 -8.145760e-01  0.000000e+00
   outer loop
     vertex -6.843295e-01  7.897583e-01  9.600000e+00
     vertex -6.843295e-01  7.897583e-01  0.000000e+00
     vertex -5.225000e-01  9.049965e-01  0.000000e+00
   endloop
 endfacet
 facet normal  7.237340e-01 -6.900790e-01  0.000000e+00
   outer loop
     vertex -6.843295e-01  7.897583e-01  9.600000e+00
     vertex -8.214255e-01  6.459761e-01  0.000000e+00
     vertex -6.843295e-01  7.897583e-01  0.000000e+00
   endloop
 endfacet
 facet normal  7.237340e-01 -6.900790e-01  0.000000e+00
   outer loop
     vertex -8.214255e-01  6.459761e-01  9.600000e+00
     vertex -8.214255e-01  6.459761e-01  0.000000e+00
     vertex -6.843295e-01  7.897583e-01  9.600000e+00
   endloop
 endfacet
 facet normal  8.412535e-01 -5.406408e-01  0.000000e+00
   outer loop
     vertex -9.288330e-01  4.788467e-01  9.600000e+00
     vertex -8.214255e-01  6.459761e-01  0.000000e+00
     vertex -8.214255e-01  6.459761e-01  9.600000e+00
   endloop
 endfacet
 facet normal  8.412535e-01 -5.406408e-01  0.000000e+00
   outer loop
     vertex -9.288330e-01  4.788467e-01  9.600000e+00
     vertex -9.288330e-01  4.788467e-01  0.000000e+00
     vertex -8.214255e-01  6.459761e-01  0.000000e+00
   endloop
 endfacet
 facet normal  9.283679e-01 -3.716625e-01  0.000000e+00
   outer loop
     vertex -1.002670e+00  2.944105e-01  9.600000e+00
     vertex -9.288330e-01  4.788467e-01  0.000000e+00
     vertex -9.288330e-01  4.788467e-01  9.600000e+00
   endloop
 endfacet
 facet normal  9.283679e-01 -3.716625e-01  0.000000e+00
   outer loop
     vertex -1.002670e+00  2.944105e-01  9.600000e+00
     vertex -1.002670e+00  2.944105e-01  0.000000e+00
     vertex -9.288330e-01  4.788467e-01  0.000000e+00
   endloop
 endfacet
 facet normal  9.819287e-01 -1.892512e-01  0.000000e+00
   outer loop
     vertex -1.040268e+00  9.933357e-02  9.600000e+00
     vertex -1.002670e+00  2.944105e-01  0.000000e+00
     vertex -1.002670e+00  2.944105e-01  9.600000e+00
   endloop
 endfacet
 facet normal  9.819287e-01 -1.892512e-01  0.000000e+00
   outer loop
     vertex -1.040268e+00  9.933357e-02  9.600000e+00
     vertex -1.040268e+00  9.933357e-02  0.000000e+00
     vertex -1.002670e+00  2.944105e-01  0.000000e+00
   endloop
 endfacet
 facet normal  1.000000e+00  1.117672e-15  0.000000e+00
   outer loop
     vertex -1.040268e+00 -9.933357e-02  9.600000e+00
     vertex -1.040268e+00  9.933357e-02  0.000000e+00
     vertex -1.040268e+00  9.933357e-02  9.600000e+00
   endloop
 endfacet
 facet normal  1.000000e+00  1.117672e-15  0.000000e+00
   outer loop
     vertex -1.040268e+00 -9.933357e-02  9.600000e+00
     vertex -1.040268e+00 -9.933357e-02  0.000000e+00
     vertex -1.040268e+00  9.933357e-02  0.000000e+00
   endloop
 endfacet
 facet normal  9.819287e-01  1.892512e-01  0.000000e+00
   outer loop
     vertex -1.002670e+00 -2.944105e-01  9.600000e+00
     vertex -1.040268e+00 -9.933357e-02  0.000000e+00
     vertex -1.040268e+00 -9.933357e-02  9.600000e+00
   endloop
 endfacet
 facet normal  9.819287e-01  1.892512e-01  0.000000e+00
   outer loop
     vertex -1.002670e+00 -2.944105e-01  9.600000e+00
     vertex -1.002670e+00 -2.944105e-01  0.000000e+00
     vertex -1.040268e+00 -9.933357e-02  0.000000e+00
   endloop
 endfacet
 facet normal  9.283679e-01  3.716625e-01  0.000000e+00
   outer loop
     vertex -9.288330e-01 -4.788467e-01  9.600000e+00
     vertex -1.002670e+00 -2.944105e-01  0.000000e+00
     vertex -1.002670e+00 -2.944105e-01  9.600000e+00
   endloop
 endfacet
 facet normal  9.283679e-01  3.716625e-01  0.000000e+00
   outer loop
     vertex -9.288330e-01 -4.788467e-01  9.600000e+00
     vertex -9.288330e-01 -4.788467e-01  0.000000e+00
     vertex -1.002670e+00 -2.944105e-01  0.000000e+00
   endloop
 endfacet
 facet normal  8.412535e-01  5.406408e-01  0.000000e+00
   outer loop
     vertex -9.288330e-01 -4.788467e-01  9.600000e+00
     vertex -8.214255e-01 -6.459761e-01  0.000000e+00
     vertex -9.288330e-01 -4.788467e-01  0.000000e+00
   endloop
 endfacet
 facet normal  8.412535e-01  5.406408e-01  0.000000e+00
   outer loop
     vertex -8.214255e-01 -6.459761e-01  9.600000e+00
     vertex -8.214255e-01 -6.459761e-01  0.000000e+00
     vertex -9.288330e-01 -4.788467e-01  9.600000e+00
   endloop
 endfacet
 facet normal  7.237340e-01  6.900790e-01  0.000000e+00
   outer loop
     vertex -6.843295e-01 -7.897583e-01  9.600000e+00
     vertex -8.214255e-01 -6.459761e-01  0.000000e+00
     vertex -8.214255e-01 -6.459761e-01  9.600000e+00
   endloop
 endfacet
 facet normal  7.237340e-01  6.900790e-01  0.000000e+00
   outer loop
     vertex -6.843295e-01 -7.897583e-01  9.600000e+00
     vertex -6.843295e-01 -7.897583e-01  0.000000e+00
     vertex -8.214255e-01 -6.459761e-01  0.000000e+00
   endloop
 endfacet
 facet normal  5.800569e-01  8.145760e-01  0.000000e+00
   outer loop
     vertex -5.225000e-01 -9.049965e-01  9.600000e+00
     vertex -5.225000e-01 -9.049965e-01  0.000000e+00
     vertex -6.843295e-01 -7.897583e-01  0.000000e+00
   endloop
 endfacet
 facet normal  5.800569e-01  8.145760e-01  0.000000e+00
   outer loop
     vertex -5.225000e-01 -9.049965e-01  9.600000e+00
     vertex -6.843295e-01 -7.897583e-01  0.000000e+00
     vertex -6.843295e-01 -7.897583e-01  9.600000e+00
   endloop
 endfacet
 facet normal  4.154150e-01  9.096320e-01  0.000000e+00
   outer loop
     vertex -3.417860e-01 -9.875259e-01  9.600000e+00
     vertex -3.417860e-01 -9.875259e-01  0.000000e+00
     vertex -5.225000e-01 -9.049965e-01  0.000000e+00
   endloop
 endfacet
 facet normal  4.154150e-01  9.096320e-01  0.000000e+00
   outer loop
     vertex -3.417860e-01 -9.875259e-01  9.600000e+00
     vertex -5.225000e-01 -9.049965e-01  0.000000e+00
     vertex -5.225000e-01 -9.049965e-01  9.600000e+00
   endloop
 endfacet
 facet normal  2.357589e-01  9.718116e-01  0.000000e+00
   outer loop
     vertex -1.487190e-01 -1.034363e+00  9.600000e+00
     vertex -1.487190e-01 -1.034363e+00  0.000000e+00
     vertex -3.417860e-01 -9.875259e-01  0.000000e+00
   endloop
 endfacet
 facet normal  2.357589e-01  9.718116e-01  0.000000e+00
   outer loop
     vertex -1.487190e-01 -1.034363e+00  9.600000e+00
     vertex -3.417860e-01 -9.875259e-01  0.000000e+00
     vertex -3.417860e-01 -9.875259e-01  9.600000e+00
   endloop
 endfacet
 facet normal  4.758192e-02  9.988673e-01  0.000000e+00
   outer loop
     vertex  4.972310e-02 -1.043816e+00  9.600000e+00
     vertex  4.972310e-02 -1.043816e+00  0.000000e+00
     vertex -1.487190e-01 -1.034363e+00  0.000000e+00
   endloop
 endfacet
 facet normal -1.423148e-01  9.898214e-01  0.000000e+00
   outer loop
     vertex  4.972310e-02 -1.043816e+00  9.600000e+00
     vertex  2.463681e-01 -1.015543e+00  0.000000e+00
     vertex  4.972310e-02 -1.043816e+00  0.000000e+00
   endloop
 endfacet
 facet normal  4.758192e-02  9.988673e-01  0.000000e+00
   outer loop
     vertex  4.972310e-02 -1.043816e+00  9.600000e+00
     vertex -1.487190e-01 -1.034363e+00  0.000000e+00
     vertex -1.487190e-01 -1.034363e+00  9.600000e+00
   endloop
 endfacet
 facet normal -1.423148e-01  9.898214e-01  0.000000e+00
   outer loop
     vertex  2.463681e-01 -1.015543e+00  9.600000e+00
     vertex  2.463681e-01 -1.015543e+00  0.000000e+00
     vertex  4.972310e-02 -1.043816e+00  9.600000e+00
   endloop
 endfacet
 facet normal -3.270680e-01  9.450008e-01  0.000000e+00
   outer loop
     vertex  4.341087e-01 -9.505654e-01  9.600000e+00
     vertex  4.341087e-01 -9.505654e-01  0.000000e+00
     vertex  2.463681e-01 -1.015543e+00  0.000000e+00
   endloop
 endfacet
 facet normal -3.270680e-01  9.450008e-01  0.000000e+00
   outer loop
     vertex  4.341087e-01 -9.505654e-01  9.600000e+00
     vertex  2.463681e-01 -1.015543e+00  0.000000e+00
     vertex  2.463681e-01 -1.015543e+00  9.600000e+00
   endloop
 endfacet
 facet normal -5.000000e-01  8.660254e-01  0.000000e+00
   outer loop
     vertex  6.061595e-01 -8.512319e-01  9.600000e+00
     vertex  6.061595e-01 -8.512319e-01  0.000000e+00
     vertex  4.341087e-01 -9.505654e-01  0.000000e+00
   endloop
 endfacet
 facet normal -5.000000e-01  8.660254e-01  0.000000e+00
   outer loop
     vertex  6.061595e-01 -8.512319e-01  9.600000e+00
     vertex  4.341087e-01 -9.505654e-01  0.000000e+00
     vertex  4.341087e-01 -9.505654e-01  9.600000e+00
   endloop
 endfacet
 facet normal -6.548607e-01  7.557496e-01  0.000000e+00
   outer loop
     vertex  7.563021e-01 -7.211326e-01  9.600000e+00
     vertex  7.563021e-01 -7.211326e-01  0.000000e+00
     vertex  6.061595e-01 -8.512319e-01  0.000000e+00
   endloop
 endfacet
 facet normal -6.548607e-01  7.557496e-01  0.000000e+00
   outer loop
     vertex  7.563021e-01 -7.211326e-01  9.600000e+00
     vertex  6.061595e-01 -8.512319e-01  0.000000e+00
     vertex  6.061595e-01 -8.512319e-01  9.600000e+00
   endloop
 endfacet
 facet normal -7.860531e-01  6.181590e-01  0.000000e+00
   outer loop
     vertex  8.791099e-01 -5.649697e-01  9.600000e+00
     vertex  8.791099e-01 -5.649697e-01  0.000000e+00
     vertex  7.563021e-01 -7.211326e-01  0.000000e+00
   endloop
 endfacet
 facet normal -7.860531e-01  6.181590e-01  0.000000e+00
   outer loop
     vertex  8.791099e-01 -5.649697e-01  9.600000e+00
     vertex  7.563021e-01 -7.211326e-01  0.000000e+00
     vertex  7.563021e-01 -7.211326e-01  9.600000e+00
   endloop
 endfacet
 facet normal -8.888354e-01  4.582265e-01  0.000000e+00
   outer loop
     vertex  9.701445e-01 -3.883873e-01  9.600000e+00
     vertex  9.701445e-01 -3.883873e-01  0.000000e+00
     vertex  8.791099e-01 -5.649697e-01  0.000000e+00
   endloop
 endfacet
 facet normal -8.888354e-01  4.582265e-01  0.000000e+00
   outer loop
     vertex  9.701445e-01 -3.883873e-01  9.600000e+00
     vertex  8.791099e-01 -5.649697e-01  0.000000e+00
     vertex  8.791099e-01 -5.649697e-01  9.600000e+00
   endloop
 endfacet
 facet normal -9.594930e-01  2.817326e-01  0.000000e+00
   outer loop
     vertex  1.026115e+00 -1.977676e-01  9.600000e+00
     vertex  1.026115e+00 -1.977676e-01  0.000000e+00
     vertex  9.701445e-01 -3.883873e-01  0.000000e+00
   endloop
 endfacet
 facet normal -9.594930e-01  2.817326e-01  0.000000e+00
   outer loop
     vertex  1.026115e+00 -1.977676e-01  9.600000e+00
     vertex  9.701445e-01 -3.883873e-01  0.000000e+00
     vertex  9.701445e-01 -3.883873e-01  9.600000e+00
   endloop
 endfacet
 facet normal -9.954719e-01  9.505604e-02  0.000000e+00
   outer loop
     vertex  1.045000e+00 -2.559512e-16  9.600000e+00
     vertex  1.026115e+00 -1.977676e-01  0.000000e+00
     vertex  1.026115e+00 -1.977676e-01  9.600000e+00
   endloop
 endfacet
 facet normal -9.954719e-01  9.505604e-02  0.000000e+00
   outer loop
     vertex  1.045000e+00 -2.559512e-16  9.600000e+00
     vertex  1.045000e+00 -2.559512e-16  0.000000e+00
     vertex  1.026115e+00 -1.977676e-01  0.000000e+00
   endloop
 endfacet
 facet normal  0.000000e+00  0.000000e+00 -1.000000e+00
   outer loop
     vertex -9.826580e-02 -1.060457e+00 -2.000000e-02
     vertex -2.914511e-01 -1.024344e+00 -2.000000e-02
     vertex -4.747113e-01 -9.533489e-01 -2.000000e-02
   endloop
 endfacet
 facet normal  0.000000e+00  0.000000e+00 -1.000000e+00
   outer loop
     vertex  6.418059e-01 -8.498883e-01 -2.000000e-02
     vertex  4.747113e-01 -9.533489e-01 -2.000000e-02
     vertex  2.914511e-01 -1.024344e+00 -2.000000e-02
   endloop
 endfacet
 facet normal  0.000000e+00  0.000000e+00 -1.000000e+00
   outer loop
     vertex -4.747113e-01  9.533489e-01 -2.000000e-02
     vertex -7.870445e-01  7.174859e-01 -2.000000e-02
     vertex -6.418059e-01  8.498883e-01 -2.000000e-02
   endloop
 endfacet
 facet normal  0.000000e+00  0.000000e+00 -1.000000e+00
   outer loop
     vertex -4.747113e-01  9.533489e-01 -2.000000e-02
     vertex -9.054812e-01  5.606503e-01 -2.000000e-02
     vertex -7.870445e-01  7.174859e-01 -2.000000e-02
   endloop
 endfacet
 facet normal  0.000000e+00  0.000000e+00 -1.000000e+00
   outer loop
     vertex  9.930829e-01 -3.847224e-01 -2.000000e-02
     vertex  7.870445e-01 -7.174859e-01 -2.000000e-02
     vertex  6.418059e-01 -8.498883e-01 -2.000000e-02
   endloop
 endfacet
 facet normal  0.000000e+00  0.000000e+00 -1.000000e+00
   outer loop
     vertex  9.930829e-01 -3.847224e-01 -2.000000e-02
     vertex  9.054812e-01 -5.606503e-01 -2.000000e-02
     vertex  7.870445e-01 -7.174859e-01 -2.000000e-02
   endloop
 endfacet
 facet normal  0.000000e+00  0.000000e+00 -1.000000e+00
   outer loop
     vertex  1.046866e+00  1.956932e-01 -2.000000e-02
     vertex  9.826580e-02 -1.060457e+00 -2.000000e-02
     vertex -9.826580e-02 -1.060457e+00 -2.000000e-02
   endloop
 endfacet
 facet normal  0.000000e+00  0.000000e+00 -1.000000e+00
   outer loop
     vertex  1.046866e+00  1.956932e-01 -2.000000e-02
     vertex  2.914511e-01 -1.024344e+00 -2.000000e-02
     vertex  9.826580e-02 -1.060457e+00 -2.000000e-02
   endloop
 endfacet
 facet normal  0.000000e+00 -0.000000e+00 -1.000000e+00
   outer loop
     vertex  1.046866e+00  1.956932e-01 -2.000000e-02
     vertex  1.046866e+00 -1.956932e-01 -2.000000e-02
     vertex  9.930829e-01 -3.847224e-01 -2.000000e-02
   endloop
 endfacet
 facet normal  0.000000e+00  0.000000e+00 -1.000000e+00
   outer loop
     vertex  1.046866e+00  1.956932e-01 -2.000000e-02
     vertex  1.065000e+00 -2.608498e-16 -2.000000e-02
     vertex  1.046866e+00 -1.956932e-01 -2.000000e-02
   endloop
 endfacet
 facet normal  0.000000e+00  0.000000e+00 -1.000000e+00
   outer loop
     vertex  1.046866e+00  1.956932e-01 -2.000000e-02
     vertex  6.418059e-01 -8.498883e-01 -2.000000e-02
     vertex  2.914511e-01 -1.024344e+00 -2.000000e-02
   endloop
 endfacet
 facet normal  0.000000e+00  0.000000e+00 -1.000000e+00
   outer loop
     vertex  1.046866e+00  1.956932e-01 -2.000000e-02
     vertex  9.930829e-01 -3.847224e-01 -2.000000e-02
     vertex  6.418059e-01 -8.498883e-01 -2.000000e-02
   endloop
 endfacet
 facet normal  0.000000e+00 -0.000000e+00 -1.000000e+00
   outer loop
     vertex  9.930829e-01  3.847224e-01 -2.000000e-02
     vertex  1.046866e+00  1.956932e-01 -2.000000e-02
     vertex -9.826580e-02 -1.060457e+00 -2.000000e-02
   endloop
 endfacet
 facet normal  0.000000e+00  0.000000e+00 -1.000000e+00
   outer loop
     vertex  7.870445e-01  7.174859e-01 -2.000000e-02
     vertex  9.054812e-01  5.606503e-01 -2.000000e-02
     vertex  9.930829e-01  3.847224e-01 -2.000000e-02
   endloop
 endfacet
 facet normal  0.000000e+00  0.000000e+00 -1.000000e+00
   outer loop
     vertex  7.870445e-01  7.174859e-01 -2.000000e-02
     vertex  4.747113e-01  9.533489e-01 -2.000000e-02
     vertex  6.418059e-01  8.498883e-01 -2.000000e-02
   endloop
 endfacet
 facet normal  0.000000e+00  0.000000e+00 -1.000000e+00
   outer loop
     vertex  7.870445e-01  7.174859e-01 -2.000000e-02
     vertex  2.914511e-01  1.024344e+00 -2.000000e-02
     vertex  4.747113e-01  9.533489e-01 -2.000000e-02
   endloop
 endfacet
 facet normal  0.000000e+00  0.000000e+00 -1.000000e+00
   outer loop
     vertex  7.870445e-01  7.174859e-01 -2.000000e-02
     vertex  9.826580e-02  1.060457e+00 -2.000000e-02
     vertex  2.914511e-01  1.024344e+00 -2.000000e-02
   endloop
 endfacet
 facet normal  0.000000e+00  0.000000e+00 -1.000000e+00
   outer loop
     vertex  7.870445e-01  7.174859e-01 -2.000000e-02
     vertex -9.826580e-02  1.060457e+00 -2.000000e-02
     vertex  9.826580e-02  1.060457e+00 -2.000000e-02
   endloop
 endfacet
 facet normal  0.000000e+00  0.000000e+00 -1.000000e+00
   outer loop
     vertex  7.870445e-01  7.174859e-01 -2.000000e-02
     vertex -2.914511e-01  1.024344e+00 -2.000000e-02
     vertex -9.826580e-02  1.060457e+00 -2.000000e-02
   endloop
 endfacet
 facet normal  0.000000e+00  0.000000e+00 -1.000000e+00
   outer loop
     vertex  7.870445e-01  7.174859e-01 -2.000000e-02
     vertex -4.747113e-01  9.533489e-01 -2.000000e-02
     vertex -2.914511e-01  1.024344e+00 -2.000000e-02
   endloop
 endfacet
 facet normal  0.000000e+00  0.000000e+00 -1.000000e+00
   outer loop
     vertex  7.870445e-01  7.174859e-01 -2.000000e-02
     vertex -9.930829e-01  3.847224e-01 -2.000000e-02
     vertex -9.054812e-01  5.606503e-01 -2.000000e-02
   endloop
 endfacet
 facet normal  0.000000e+00  0.000000e+00 -1.000000e+00
   outer loop
     vertex  7.870445e-01  7.174859e-01 -2.000000e-02
     vertex -1.046866e+00  1.956932e-01 -2.000000e-02
     vertex -9.930829e-01  3.847224e-01 -2.000000e-02
   endloop
 endfacet
 facet normal  0.000000e+00  0.000000e+00 -1.000000e+00
   outer loop
     vertex  7.870445e-01  7.174859e-01 -2.000000e-02
     vertex -1.065000e+00  1.076335e-15 -2.000000e-02
     vertex -1.046866e+00  1.956932e-01 -2.000000e-02
   endloop
 endfacet
 facet normal  0.000000e+00  0.000000e+00 -1.000000e+00
   outer loop
     vertex  7.870445e-01  7.174859e-01 -2.000000e-02
     vertex -1.046866e+00 -1.956932e-01 -2.000000e-02
     vertex -1.065000e+00  1.076335e-15 -2.000000e-02
   endloop
 endfacet
 facet normal  0.000000e+00  0.000000e+00 -1.000000e+00
   outer loop
     vertex  7.870445e-01  7.174859e-01 -2.000000e-02
     vertex -9.930829e-01 -3.847224e-01 -2.000000e-02
     vertex -1.046866e+00 -1.956932e-01 -2.000000e-02
   endloop
 endfacet
 facet normal  0.000000e+00  0.000000e+00 -1.000000e+00
   outer loop
     vertex  7.870445e-01  7.174859e-01 -2.000000e-02
     vertex -9.054812e-01 -5.606503e-01 -2.000000e-02
     vertex -9.930829e-01 -3.847224e-01 -2.000000e-02
   endloop
 endfacet
 facet normal  0.000000e+00  0.000000e+00 -1.000000e+00
   outer loop
     vertex  7.870445e-01  7.174859e-01 -2.000000e-02
     vertex -7.870445e-01 -7.174859e-01 -2.000000e-02
     vertex -9.054812e-01 -5.606503e-01 -2.000000e-02
   endloop
 endfacet
 facet normal  0.000000e+00  0.000000e+00 -1.000000e+00
   outer loop
     vertex  7.870445e-01  7.174859e-01 -2.000000e-02
     vertex -6.418059e-01 -8.498883e-01 -2.000000e-02
     vertex -7.870445e-01 -7.174859e-01 -2.000000e-02
   endloop
 endfacet
 facet normal  0.000000e+00  0.000000e+00 -1.000000e+00
   outer loop
     vertex  7.870445e-01  7.174859e-01 -2.000000e-02
     vertex -4.747113e-01 -9.533489e-01 -2.000000e-02
     vertex -6.418059e-01 -8.498883e-01 -2.000000e-02
   endloop
 endfacet
 facet normal  0.000000e+00  0.000000e+00 -1.000000e+00
   outer loop
     vertex  7.870445e-01  7.174859e-01 -2.000000e-02
     vertex -9.826580e-02 -1.060457e+00 -2.000000e-02
     vertex -4.747113e-01 -9.533489e-01 -2.000000e-02
   endloop
 endfacet
 facet normal -0.000000e+00  0.000000e+00 -1.000000e+00
   outer loop
     vertex  7.870445e-01  7.174859e-01 -2.000000e-02
     vertex -9.054812e-01  5.606503e-01 -2.000000e-02
     vertex -4.747113e-01  9.533489e-01 -2.000000e-02
   endloop
 endfacet
 facet normal  0.000000e+00 -0.000000e+00 -1.000000e+00
   outer loop
     vertex  7.870445e-01  7.174859e-01 -2.000000e-02
     vertex  9.930829e-01  3.847224e-01 -2.000000e-02
     vertex -9.826580e-02 -1.060457e+00 -2.000000e-02
   endloop
 endfacet
 facet normal  0.000000e+00  0.000000e+00  1.000000e+00
   outer loop
     vertex  4.341087e-01 -9.505654e-01  0.000000e+00
     vertex  4.972310e-02 -1.043816e+00  0.000000e+00
     vertex  2.463681e-01 -1.015543e+00  0.000000e+00
   endloop
 endfacet
 facet normal  0.000000e+00  0.000000e+00  1.000000e+00
   outer loop
     vertex -8.214255e-01  6.459761e-01  0.000000e+00
     vertex -9.288330e-01  4.788467e-01  0.000000e+00
     vertex -1.002670e+00  2.944105e-01  0.000000e+00
   endloop
 endfacet
 facet normal  0.000000e+00  0.000000e+00  1.000000e+00
   outer loop
     vertex -6.843295e-01  7.897583e-01  0.000000e+00
     vertex -8.214255e-01  6.459761e-01  0.000000e+00
     vertex -1.002670e+00  2.944105e-01  0.000000e+00
   endloop
 endfacet
 facet normal  0.000000e+00  0.000000e+00  1.000000e+00
   outer loop
     vertex  9.701445e-01 -3.883873e-01  0.000000e+00
     vertex  6.061595e-01 -8.512319e-01  0.000000e+00
     vertex  7.563021e-01 -7.211326e-01  0.000000e+00
   endloop
 endfacet
 facet normal  0.000000e+00  0.000000e+00  1.000000e+00
   outer loop
     vertex  9.701445e-01 -3.883873e-01  0.000000e+00
     vertex  7.563021e-01 -7.211326e-01  0.000000e+00
     vertex  8.791099e-01 -5.649697e-01  0.000000e+00
   endloop
 endfacet
 facet normal  0.000000e+00  0.000000e+00  1.000000e+00
   outer loop
     vertex -1.487190e-01  1.034363e+00  0.000000e+00
     vertex -3.417860e-01  9.875259e-01  0.000000e+00
     vertex -5.225000e-01  9.049965e-01  0.000000e+00
   endloop
 endfacet
 facet normal  0.000000e+00  0.000000e+00  1.000000e+00
   outer loop
     vertex  1.045000e+00 -2.559512e-16  0.000000e+00
     vertex  9.701445e-01 -3.883873e-01  0.000000e+00
     vertex  1.026115e+00 -1.977676e-01  0.000000e+00
   endloop
 endfacet
 facet normal  0.000000e+00  0.000000e+00  1.000000e+00
   outer loop
     vertex  4.972310e-02  1.043816e+00  0.000000e+00
     vertex -1.487190e-01  1.034363e+00  0.000000e+00
     vertex -5.225000e-01  9.049965e-01  0.000000e+00
   endloop
 endfacet
 facet normal  0.000000e+00  0.000000e+00  1.000000e+00
   outer loop
     vertex  4.341087e-01  9.505654e-01  0.000000e+00
     vertex  2.463681e-01  1.015543e+00  0.000000e+00
     vertex  4.972310e-02  1.043816e+00  0.000000e+00
   endloop
 endfacet
 facet normal  0.000000e+00  0.000000e+00  1.000000e+00
   outer loop
     vertex  4.341087e-01  9.505654e-01  0.000000e+00
     vertex -5.225000e-01  9.049965e-01  0.000000e+00
     vertex -6.843295e-01  7.897583e-01  0.000000e+00
   endloop
 endfacet
 facet normal  0.000000e+00  0.000000e+00  1.000000e+00
   outer loop
     vertex  4.341087e-01  9.505654e-01  0.000000e+00
     vertex -1.002670e+00  2.944105e-01  0.000000e+00
     vertex -1.040268e+00  9.933357e-02  0.000000e+00
   endloop
 endfacet
 facet normal  0.000000e+00  0.000000e+00  1.000000e+00
   outer loop
     vertex  4.341087e-01  9.505654e-01  0.000000e+00
     vertex -1.040268e+00  9.933357e-02  0.000000e+00
     vertex -1.040268e+00 -9.933357e-02  0.000000e+00
   endloop
 endfacet
 facet normal  0.000000e+00  0.000000e+00  1.000000e+00
   outer loop
     vertex  4.341087e-01  9.505654e-01  0.000000e+00
     vertex -1.040268e+00 -9.933357e-02  0.000000e+00
     vertex -1.002670e+00 -2.944105e-01  0.000000e+00
   endloop
 endfacet
 facet normal  0.000000e+00  0.000000e+00  1.000000e+00
   outer loop
     vertex  4.341087e-01  9.505654e-01  0.000000e+00
     vertex -1.002670e+00 -2.944105e-01  0.000000e+00
     vertex -9.288330e-01 -4.788467e-01  0.000000e+00
   endloop
 endfacet
 facet normal  0.000000e+00  0.000000e+00  1.000000e+00
   outer loop
     vertex  4.341087e-01  9.505654e-01  0.000000e+00
     vertex -9.288330e-01 -4.788467e-01  0.000000e+00
     vertex -8.214255e-01 -6.459761e-01  0.000000e+00
   endloop
 endfacet
 facet normal  0.000000e+00  0.000000e+00  1.000000e+00
   outer loop
     vertex  4.341087e-01  9.505654e-01  0.000000e+00
     vertex -8.214255e-01 -6.459761e-01  0.000000e+00
     vertex -6.843295e-01 -7.897583e-01  0.000000e+00
   endloop
 endfacet
 facet normal  0.000000e+00  0.000000e+00  1.000000e+00
   outer loop
     vertex  4.341087e-01  9.505654e-01  0.000000e+00
     vertex -6.843295e-01 -7.897583e-01  0.000000e+00
     vertex -5.225000e-01 -9.049965e-01  0.000000e+00
   endloop
 endfacet
 facet normal  0.000000e+00  0.000000e+00  1.000000e+00
   outer loop
     vertex  4.341087e-01  9.505654e-01  0.000000e+00
     vertex -6.843295e-01  7.897583e-01  0.000000e+00
     vertex -1.002670e+00  2.944105e-01  0.000000e+00
   endloop
 endfacet
 facet normal  0.000000e+00  0.000000e+00  1.000000e+00
   outer loop
     vertex  4.341087e-01  9.505654e-01  0.000000e+00
     vertex  4.972310e-02  1.043816e+00  0.000000e+00
     vertex -5.225000e-01  9.049965e-01  0.000000e+00
   endloop
 endfacet
 facet normal  0.000000e+00  0.000000e+00  1.000000e+00
   outer loop
     vertex  7.563021e-01  7.211326e-01  0.000000e+00
     vertex  1.045000e+00 -2.559512e-16  0.000000e+00
     vertex  1.026115e+00  1.977676e-01  0.000000e+00
   endloop
 endfacet
 facet normal  0.000000e+00  0.000000e+00  1.000000e+00
   outer loop
     vertex  7.563021e-01  7.211326e-01  0.000000e+00
     vertex  1.026115e+00  1.977676e-01  0.000000e+00
     vertex  9.701445e-01  3.883873e-01  0.000000e+00
   endloop
 endfacet
 facet normal  0.000000e+00  0.000000e+00  1.000000e+00
   outer loop
     vertex  7.563021e-01  7.211326e-01  0.000000e+00
     vertex  9.701445e-01  3.883873e-01  0.000000e+00
     vertex  8.791099e-01  5.649697e-01  0.000000e+00
   endloop
 endfacet
 facet normal  0.000000e+00  0.000000e+00  1.000000e+00
   outer loop
     vertex  7.563021e-01  7.211326e-01  0.000000e+00
     vertex  6.061595e-01  8.512319e-01  0.000000e+00
     vertex  4.341087e-01  9.505654e-01  0.000000e+00
   endloop
 endfacet
 facet normal  0.000000e+00  0.000000e+00  1.000000e+00
   outer loop
     vertex  7.563021e-01  7.211326e-01  0.000000e+00
     vertex -5.225000e-01 -9.049965e-01  0.000000e+00
     vertex -3.417860e-01 -9.875259e-01  0.000000e+00
   endloop
 endfacet
 facet normal  0.000000e+00  0.000000e+00  1.000000e+00
   outer loop
     vertex  7.563021e-01  7.211326e-01  0.000000e+00
     vertex -3.417860e-01 -9.875259e-01  0.000000e+00
     vertex -1.487190e-01 -1.034363e+00  0.000000e+00
   endloop
 endfacet
 facet normal  0.000000e+00  0.000000e+00  1.000000e+00
   outer loop
     vertex  7.563021e-01  7.211326e-01  0.000000e+00
     vertex -1.487190e-01 -1.034363e+00  0.000000e+00
     vertex  4.972310e-02 -1.043816e+00  0.000000e+00
   endloop
 endfacet
 facet normal  0.000000e+00  0.000000e+00  1.000000e+00
   outer loop
     vertex  7.563021e-01  7.211326e-01  0.000000e+00
     vertex  4.341087e-01 -9.505654e-01  0.000000e+00
     vertex  6.061595e-01 -8.512319e-01  0.000000e+00
   endloop
 endfacet
 facet normal  0.000000e+00  0.000000e+00  1.000000e+00
   outer loop
     vertex  7.563021e-01  7.211326e-01  0.000000e+00
     vertex  4.972310e-02 -1.043816e+00  0.000000e+00
     vertex  4.341087e-01 -9.505654e-01  0.000000e+00
   endloop
 endfacet
 facet normal  0.000000e+00  0.000000e+00  1.000000e+00
   outer loop
     vertex  7.563021e-01  7.211326e-01  0.000000e+00
     vertex  6.061595e-01 -8.512319e-01  0.000000e+00
     vertex  9.701445e-01 -3.883873e-01  0.000000e+00
   endloop
 endfacet
 facet normal  0.000000e+00  0.000000e+00  1.000000e+00
   outer loop
     vertex  7.563021e-01  7.211326e-01  0.000000e+00
     vertex  4.341087e-01  9.505654e-01  0.000000e+00
     vertex -5.225000e-01 -9.049965e-01  0.000000e+00
   endloop
 endfacet
 facet normal  0.000000e+00  0.000000e+00  1.000000e+00
   outer loop
     vertex  7.563021e-01  7.211326e-01  0.000000e+00
     vertex  9.701445e-01 -3.883873e-01  0.000000e+00
     vertex  1.045000e+00 -2.559512e-16  0.000000e+00
   endloop
 endfacet
endsolid
